Date,Err,SSN daily
2006.487,2.9,23.0
2006.489,4.1,42.0
2006.492,3.2,46.0
2006.495,3.2,44.0
2006.497,2.5,38.0
2006.500,2.7,31.0
2006.503,4.2,35.0
2006.506,4.7,36.0
2006.508,2.8,35.0
2006.511,1.9,36.0
2006.514,1.9,36.0
2006.517,1.8,35.0
2006.519,1.7,31.0
2006.522,1.9,15.0
2006.525,1.7,15.0
2006.528,2.7,13.0
2006.530,2.0,0.0
2006.533,2.5,15.0
2006.536,2.4,16.0
2006.538,2.2,20.0
2006.541,2.5,22.0
2006.544,1.2,22.0
2006.547,1.9,24.0
2006.549,2.9,15.0
2006.552,2.0,0.0
2006.555,3.1,15.0
2006.558,2.9,18.0
2006.560,1.4,20.0
2006.563,1.7,18.0
2006.566,1.1,18.0
2006.569,1.0,18.0
2006.571,1.7,16.0
2006.574,1.3,16.0
2006.577,2.6,31.0
2006.580,2.7,27.0
2006.582,2.1,11.0
2006.585,2.8,11.0
2006.588,4.3,15.0
2006.591,2.0,0.0
2006.593,2.0,0.0
2006.596,2.0,0.0
2006.599,2.0,0.0
2006.602,1.8,11.0
2006.604,4.6,26.0
2006.607,2.9,27.0
2006.610,2.4,26.0
2006.613,1.8,24.0
2006.615,2.4,26.0
2006.618,2.3,31.0
2006.621,2.2,31.0
2006.623,2.2,31.0
2006.626,2.2,27.0
2006.629,2.7,31.0
2006.632,2.2,24.0
2006.634,1.3,16.0
2006.637,2.1,26.0
2006.640,1.2,15.0
2006.643,1.1,19.0
2006.645,1.0,19.0
2006.648,1.7,24.0
2006.651,2.2,23.0
2006.654,4.2,34.0
2006.656,3.2,35.0
2006.659,2.2,27.0
2006.662,1.4,19.0
2006.665,3.3,35.0
2006.667,3.0,35.0
2006.670,2.9,16.0
2006.673,2.0,0.0
2006.676,2.0,0.0
2006.678,3.8,26.0
2006.681,3.1,39.0
2006.684,3.4,48.0
2006.687,4.0,48.0
2006.689,4.2,49.0
2006.692,4.1,49.0
2006.695,3.7,44.0
2006.698,2.1,31.0
2006.700,2.0,30.0
2006.703,1.0,15.0
2006.706,0.8,15.0
2006.708,0.8,13.0
2006.711,1.6,25.0
2006.714,0.7,12.0
2006.717,0.8,13.0
2006.719,0.8,13.0
2006.722,0.7,13.0
2006.725,1.1,18.0
2006.728,0.7,13.0
2006.730,1.6,15.0
2006.733,2.6,13.0
2006.736,9.4,16.0
2006.739,4.1,12.0
2006.741,2.4,13.0
2006.744,3.1,36.0
2006.747,2.1,41.0
2006.749,2.9,35.0
2006.752,3.2,33.0
2006.755,1.3,23.0
2006.758,1.2,23.0
2006.760,0.9,24.0
2006.763,1.5,23.0
2006.766,1.2,23.0
2006.769,1.9,21.0
2006.771,3.4,21.0
2006.774,3.0,14.0
2006.777,2.0,0.0
2006.780,2.0,0.0
2006.782,2.0,0.0
2006.785,2.0,0.0
2006.788,2.0,0.0
2006.790,2.0,0.0
2006.793,2.0,0.0
2006.796,2.0,0.0
2006.799,2.9,14.0
2006.801,1.4,14.0
2006.804,1.3,16.0
2006.807,1.5,23.0
2006.810,3.9,38.0
2006.812,3.8,30.0
2006.815,3.4,14.0
2006.818,2.0,0.0
2006.821,4.5,13.0
2006.823,2.9,13.0
2006.826,2.0,0.0
2006.829,0.8,13.0
2006.832,2.0,33.0
2006.834,4.0,53.0
2006.837,6.1,70.0
2006.840,6.1,73.0
2006.843,5.4,65.0
2006.845,3.7,53.0
2006.848,2.8,40.0
2006.851,2.4,32.0
2006.854,3.3,43.0
2006.856,3.2,30.0
2006.859,1.1,15.0
2006.862,1.6,18.0
2006.865,2.1,22.0
2006.867,2.9,35.0
2006.870,2.6,47.0
2006.873,2.6,45.0
2006.875,2.3,52.0
2006.878,2.1,47.0
2006.881,2.4,47.0
2006.884,3.2,45.0
2006.886,2.9,30.0
2006.889,2.0,0.0
2006.892,2.0,0.0
2006.895,6.5,12.0
2006.897,2.0,0.0
2006.900,1.7,13.0
2006.903,0.6,15.0
2006.906,3.8,33.0
2006.908,5.9,38.0
2006.911,3.2,40.0
2006.914,5.1,58.0
2006.916,3.5,56.0
2006.919,4.0,53.0
2006.922,3.2,46.0
2006.925,3.9,39.0
2006.927,2.4,46.0
2006.930,5.6,54.0
2006.933,3.8,51.0
2006.936,4.4,28.0
2006.938,2.8,21.0
2006.941,2.7,23.0
2006.944,2.8,28.0
2006.947,2.7,28.0
2006.949,1.7,26.0
2006.952,1.4,23.0
2006.955,1.3,21.0
2006.957,1.2,20.0
2006.960,1.0,15.0
2006.963,2.0,0.0
2006.966,2.0,0.0
2006.968,2.0,0.0
2006.971,2.0,0.0
2006.974,2.0,0.0
2006.977,2.0,0.0
2006.979,7.0,13.0
2006.982,6.9,16.0
2006.985,5.5,21.0
2006.988,7.0,20.0
2006.990,2.0,0.0
2006.993,2.0,0.0
2006.996,5.1,16.0
2006.999,1.5,28.0
2007.001,3.0,38.0
2007.004,2.9,42.0
2007.007,2.5,44.0
2007.010,3.0,44.0
2007.012,3.8,49.0
2007.015,3.1,47.0
2007.018,4.3,42.0
2007.021,4.6,52.0
2007.023,2.5,47.0
2007.026,2.3,42.0
2007.029,2.5,40.0
2007.032,2.7,28.0
2007.034,1.9,30.0
2007.037,1.7,19.0
2007.040,2.4,19.0
2007.042,2.6,19.0
2007.045,3.5,16.0
2007.048,2.8,17.0
2007.051,4.2,24.0
2007.053,3.5,19.0
2007.056,2.1,19.0
2007.059,2.0,21.0
2007.062,2.0,17.0
2007.064,2.2,19.0
2007.067,2.9,14.0
2007.070,3.0,12.0
2007.073,0.7,12.0
2007.075,1.6,14.0
2007.078,2.8,31.0
2007.081,2.2,35.0
2007.084,2.5,35.0
2007.086,1.9,38.0
2007.089,3.4,41.0
2007.092,2.0,36.0
2007.095,2.0,29.0
2007.097,1.6,27.0
2007.100,1.7,26.0
2007.103,1.6,26.0
2007.106,1.6,14.0
2007.108,0.8,12.0
2007.111,2.2,12.0
2007.114,2.0,0.0
2007.117,2.0,0.0
2007.119,2.0,0.0
2007.122,2.0,0.0
2007.125,2.0,0.0
2007.127,2.0,0.0
2007.130,3.2,14.0
2007.133,2.7,14.0
2007.136,5.1,34.0
2007.138,5.1,29.0
2007.141,3.0,17.0
2007.144,5.2,27.0
2007.147,2.7,26.0
2007.149,0.9,14.0
2007.152,2.1,14.0
2007.155,2.7,26.0
2007.158,3.3,26.0
2007.160,1.0,14.0
2007.163,2.8,11.0
2007.166,2.3,11.0
2007.169,3.3,11.0
2007.172,1.8,13.0
2007.174,3.6,27.0
2007.177,5.5,22.0
2007.180,2.0,0.0
2007.183,2.0,0.0
2007.185,2.0,0.0
2007.188,2.0,0.0
2007.191,2.7,14.0
2007.194,2.2,13.0
2007.196,2.0,0.0
2007.199,2.0,0.0
2007.202,2.0,0.0
2007.204,2.0,0.0
2007.207,2.0,0.0
2007.210,2.0,0.0
2007.213,2.0,0.0
2007.215,2.0,0.0
2007.218,2.0,0.0
2007.221,2.0,0.0
2007.224,5.1,13.0
2007.226,3.8,13.0
2007.229,2.0,0.0
2007.232,1.6,14.0
2007.235,3.6,13.0
2007.237,3.8,13.0
2007.240,1.7,13.0
2007.243,2.1,11.0
2007.246,6.1,11.0
2007.248,6.0,16.0
2007.251,2.0,0.0
2007.254,2.0,0.0
2007.257,2.0,0.0
2007.259,2.0,0.0
2007.262,2.0,0.0
2007.265,2.0,0.0
2007.268,2.0,0.0
2007.270,2.0,0.0
2007.273,2.0,0.0
2007.276,2.0,0.0
2007.279,2.0,0.0
2007.281,2.0,0.0
2007.284,2.0,0.0
2007.287,2.0,0.0
2007.289,2.0,0.0
2007.292,5.6,11.0
2007.295,2.0,0.0
2007.298,2.0,0.0
2007.300,2.0,0.0
2007.303,2.0,0.0
2007.306,2.0,0.0
2007.309,2.0,0.0
2007.311,2.0,0.0
2007.314,1.9,13.0
2007.317,1.0,16.0
2007.320,1.0,18.0
2007.322,2.4,23.0
2007.325,3.1,32.0
2007.328,2.7,34.0
2007.330,3.2,33.0
2007.333,2.1,33.0
2007.336,2.1,20.0
2007.339,1.2,18.0
2007.341,1.1,17.0
2007.344,1.0,15.0
2007.347,0.8,13.0
2007.350,3.8,15.0
2007.352,2.3,18.0
2007.355,1.3,20.0
2007.358,1.5,23.0
2007.361,2.9,22.0
2007.363,0.8,18.0
2007.366,2.4,30.0
2007.369,2.2,30.0
2007.371,4.2,32.0
2007.374,2.9,40.0
2007.377,4.0,42.0
2007.380,3.8,37.0
2007.382,2.8,23.0
2007.385,1.6,18.0
2007.388,1.5,15.0
2007.391,2.9,23.0
2007.393,10.7,15.0
2007.396,2.0,0.0
2007.399,2.0,0.0
2007.402,2.0,0.0
2007.404,2.0,0.0
2007.407,2.2,12.0
2007.410,1.2,12.0
2007.413,5.6,12.0
2007.415,4.7,34.0
2007.418,2.8,44.0
2007.421,3.8,55.0
2007.424,6.9,60.0
2007.426,5.7,62.0
2007.429,3.4,58.0
2007.432,5.8,66.0
2007.435,6.6,60.0
2007.437,5.6,21.0
2007.440,1.8,16.0
2007.443,2.3,16.0
2007.446,1.6,14.0
2007.448,1.8,14.0
2007.451,2.0,0.0
2007.454,2.0,0.0
2007.456,2.0,0.0
2007.459,2.0,0.0
2007.462,2.0,0.0
2007.465,2.0,0.0
2007.467,2.0,0.0
2007.470,2.0,0.0
2007.473,2.0,0.0
2007.476,2.0,0.0
2007.478,2.0,0.0
2007.481,3.4,12.0
2007.484,1.3,14.0
2007.487,2.5,14.0
2007.489,2.5,16.0
2007.492,3.7,32.0
2007.495,2.2,32.0
2007.497,1.9,30.0
2007.500,1.3,17.0
2007.503,1.1,14.0
2007.506,1.0,14.0
2007.508,1.6,14.0
2007.511,1.0,14.0
2007.514,2.3,12.0
2007.517,0.9,16.0
2007.519,1.3,22.0
2007.522,2.6,27.0
2007.525,2.0,27.0
2007.528,2.3,23.0
2007.530,1.6,41.0
2007.533,1.8,42.0
2007.536,2.7,39.0
2007.538,3.0,31.0
2007.541,1.6,17.0
2007.544,1.2,14.0
2007.547,1.3,12.0
2007.549,2.0,0.0
2007.552,2.0,0.0
2007.555,2.0,0.0
2007.558,2.0,0.0
2007.560,2.0,0.0
2007.563,2.0,0.0
2007.566,2.0,0.0
2007.569,2.0,0.0
2007.571,2.0,14.0
2007.574,2.4,14.0
2007.577,2.8,14.0
2007.580,2.0,0.0
2007.582,2.0,0.0
2007.585,2.0,0.0
2007.588,5.8,11.0
2007.591,2.3,11.0
2007.593,1.1,11.0
2007.596,0.8,13.0
2007.599,0.8,13.0
2007.602,1.8,15.0
2007.604,1.0,15.0
2007.607,1.8,15.0
2007.610,1.9,13.0
2007.613,2.4,13.0
2007.615,4.1,13.0
2007.618,2.0,0.0
2007.621,2.0,0.0
2007.623,2.0,0.0
2007.626,2.0,0.0
2007.629,2.0,0.0
2007.632,2.0,0.0
2007.634,2.0,0.0
2007.637,4.9,15.0
2007.640,1.4,13.0
2007.643,0.8,13.0
2007.645,1.1,13.0
2007.648,0.7,13.0
2007.651,0.8,13.0
2007.654,0.6,13.0
2007.656,0.7,13.0
2007.659,0.7,13.0
2007.662,1.5,13.0
2007.665,2.8,28.0
2007.667,2.5,24.0
2007.670,2.0,13.0
2007.673,1.3,13.0
2007.676,3.6,13.0
2007.678,3.1,13.0
2007.681,2.0,0.0
2007.684,2.0,0.0
2007.687,2.0,0.0
2007.689,2.0,0.0
2007.692,2.0,0.0
2007.695,2.0,0.0
2007.698,2.0,0.0
2007.700,2.0,0.0
2007.703,2.0,0.0
2007.706,2.0,0.0
2007.708,2.0,0.0
2007.711,2.0,0.0
2007.714,2.0,0.0
2007.717,2.0,0.0
2007.719,2.0,0.0
2007.722,2.0,0.0
2007.725,2.0,0.0
2007.728,2.0,0.0
2007.730,2.0,0.0
2007.733,2.0,0.0
2007.736,2.0,0.0
2007.739,2.0,0.0
2007.741,2.1,15.0
2007.744,1.8,15.0
2007.747,1.8,15.0
2007.749,2.0,0.0
2007.752,2.0,0.0
2007.755,2.0,0.0
2007.758,2.0,0.0
2007.760,2.0,0.0
2007.763,1.7,19.0
2007.766,1.6,16.0
2007.769,8.2,12.0
2007.771,2.0,0.0
2007.774,2.0,0.0
2007.777,2.0,0.0
2007.780,2.0,0.0
2007.782,2.0,0.0
2007.785,2.0,0.0
2007.788,2.0,0.0
2007.790,2.0,0.0
2007.793,2.0,0.0
2007.796,2.0,0.0
2007.799,2.0,0.0
2007.801,2.0,0.0
2007.804,2.0,0.0
2007.807,2.0,0.0
2007.810,2.0,0.0
2007.812,2.0,0.0
2007.815,2.0,0.0
2007.818,2.0,0.0
2007.821,2.0,0.0
2007.823,2.0,0.0
2007.826,2.0,0.0
2007.829,2.0,0.0
2007.832,2.0,0.0
2007.834,2.0,0.0
2007.837,2.0,0.0
2007.840,2.0,0.0
2007.843,2.0,0.0
2007.845,2.0,0.0
2007.848,3.4,13.0
2007.851,2.0,0.0
2007.854,2.0,0.0
2007.856,2.0,0.0
2007.859,2.0,0.0
2007.862,2.0,0.0
2007.865,2.0,0.0
2007.867,2.0,0.0
2007.870,2.0,0.0
2007.873,2.0,0.0
2007.875,2.7,16.0
2007.878,3.8,15.0
2007.881,2.0,0.0
2007.884,2.0,0.0
2007.886,2.0,0.0
2007.889,2.0,0.0
2007.892,2.0,0.0
2007.895,2.0,0.0
2007.897,2.7,16.0
2007.900,5.0,13.0
2007.903,3.4,12.0
2007.906,2.0,0.0
2007.908,2.0,0.0
2007.911,2.0,0.0
2007.914,2.0,0.0
2007.916,3.1,17.0
2007.919,5.5,15.0
2007.922,1.5,12.0
2007.925,1.9,15.0
2007.927,2.2,14.0
2007.930,1.9,27.0
2007.933,1.8,26.0
2007.936,4.8,43.0
2007.938,4.5,45.0
2007.941,3.5,41.0
2007.944,3.0,41.0
2007.947,4.6,48.0
2007.949,6.6,51.0
2007.952,5.5,41.0
2007.955,2.8,38.0
2007.957,2.0,31.0
2007.960,1.4,19.0
2007.963,5.8,12.0
2007.966,2.0,0.0
2007.968,2.0,0.0
2007.971,2.0,0.0
2007.974,2.0,0.0
2007.977,2.0,0.0
2007.979,2.0,0.0
2007.982,2.0,0.0
2007.985,2.0,0.0
2007.988,2.0,0.0
2007.990,2.0,0.0
2007.993,2.0,0.0
2007.996,2.0,0.0
2007.999,2.0,0.0
2008.001,1.8,9.0
2008.004,0.6,9.0
2008.007,0.5,9.0
2008.010,3.4,12.0
2008.012,1.6,10.0
2008.015,7.6,14.0
2008.018,5.8,14.0
2008.021,4.6,11.0
2008.023,2.0,0.0
2008.026,5.1,10.0
2008.029,2.1,10.0
2008.032,2.0,0.0
2008.034,2.0,0.0
2008.037,2.0,0.0
2008.040,2.0,0.0
2008.042,2.0,0.0
2008.045,2.0,0.0
2008.048,2.0,0.0
2008.051,2.0,0.0
2008.053,2.0,0.0
2008.056,2.0,0.0
2008.059,2.0,0.0
2008.062,2.0,0.0
2008.064,2.0,0.0
2008.067,2.0,0.0
2008.070,2.0,0.0
2008.073,2.0,0.0
2008.075,2.0,0.0
2008.078,2.0,0.0
2008.081,0.8,10.0
2008.084,0.6,10.0
2008.086,0.9,15.0
2008.089,4.4,12.0
2008.092,3.3,12.0
2008.095,4.3,11.0
2008.097,2.0,0.0
2008.100,2.0,0.0
2008.103,2.0,0.0
2008.106,2.0,0.0
2008.108,2.0,0.0
2008.111,2.0,0.0
2008.114,2.0,0.0
2008.117,2.0,0.0
2008.119,2.0,0.0
2008.122,2.0,0.0
2008.125,2.0,0.0
2008.127,2.0,0.0
2008.130,2.0,0.0
2008.133,2.0,0.0
2008.136,2.0,0.0
2008.138,2.0,0.0
2008.141,2.0,0.0
2008.144,2.0,0.0
2008.147,2.0,0.0
2008.149,2.0,0.0
2008.152,4.0,11.0
2008.155,1.7,11.0
2008.158,2.7,11.0
2008.160,2.0,0.0
2008.163,2.0,0.0
2008.165,2.0,0.0
2008.168,2.0,0.0
2008.171,1.6,12.0
2008.174,2.0,0.0
2008.176,2.0,0.0
2008.179,2.5,13.0
2008.182,2.0,0.0
2008.185,2.0,0.0
2008.187,2.0,0.0
2008.190,3.8,15.0
2008.193,2.0,0.0
2008.196,2.0,0.0
2008.198,2.0,0.0
2008.201,2.0,0.0
2008.204,5.3,12.0
2008.206,3.9,12.0
2008.209,4.0,12.0
2008.212,2.0,0.0
2008.215,2.0,0.0
2008.217,2.0,0.0
2008.220,2.0,0.0
2008.223,2.0,0.0
2008.226,2.0,0.0
2008.228,1.9,32.0
2008.231,3.1,54.0
2008.234,4.3,60.0
2008.237,3.3,59.0
2008.239,2.8,57.0
2008.242,2.2,50.0
2008.245,2.1,52.0
2008.248,3.5,42.0
2008.250,1.4,20.0
2008.253,1.3,11.0
2008.256,0.7,11.0
2008.259,2.8,9.0
2008.261,2.0,0.0
2008.264,2.0,0.0
2008.267,2.0,0.0
2008.270,2.0,0.0
2008.272,2.0,0.0
2008.275,2.0,0.0
2008.278,2.0,0.0
2008.281,2.0,0.0
2008.283,5.6,9.0
2008.286,2.9,9.0
2008.289,2.0,0.0
2008.291,2.0,0.0
2008.294,2.0,0.0
2008.297,2.0,0.0
2008.300,4.0,10.0
2008.302,2.0,0.0
2008.305,2.0,0.0
2008.308,1.9,10.0
2008.311,0.8,10.0
2008.313,1.9,9.0
2008.316,2.0,0.0
2008.319,2.0,0.0
2008.322,2.0,0.0
2008.324,2.0,0.0
2008.327,2.0,0.0
2008.330,2.0,0.0
2008.332,7.9,10.0
2008.335,2.0,0.0
2008.338,2.0,0.0
2008.341,1.7,10.0
2008.343,3.4,12.0
2008.346,2.0,0.0
2008.349,2.0,0.0
2008.352,2.0,0.0
2008.354,2.0,0.0
2008.357,2.0,0.0
2008.360,2.0,0.0
2008.363,2.0,0.0
2008.365,4.6,12.0
2008.368,2.0,0.0
2008.371,9.4,13.0
2008.373,4.0,20.0
2008.376,2.6,17.0
2008.379,3.2,22.0
2008.382,2.8,16.0
2008.384,2.1,10.0
2008.387,2.0,0.0
2008.390,2.0,0.0
2008.393,2.0,0.0
2008.395,2.0,0.0
2008.398,2.0,0.0
2008.401,2.0,0.0
2008.404,2.0,0.0
2008.406,2.0,0.0
2008.409,2.0,0.0
2008.412,2.0,0.0
2008.415,2.0,0.0
2008.416,2.0,0.0
2008.419,2.0,0.0
2008.422,2.0,0.0
2008.425,2.0,0.0
2008.427,5.7,14.0
2008.430,2.0,0.0
2008.433,2.0,0.0
2008.436,2.0,0.0
2008.438,2.0,0.0
2008.441,1.3,14.0
2008.444,0.7,12.0
2008.447,0.7,11.0
2008.449,4.0,12.0
2008.452,2.0,0.0
2008.455,7.4,11.0
2008.457,1.1,11.0
2008.460,0.7,11.0
2008.463,0.8,12.0
2008.466,0.6,11.0
2008.468,0.9,12.0
2008.471,1.0,12.0
2008.474,1.8,12.0
2008.477,2.0,0.0
2008.479,2.0,0.0
2008.482,2.0,0.0
2008.485,2.0,0.0
2008.488,2.0,0.0
2008.490,2.0,0.0
2008.493,2.0,0.0
2008.496,2.0,0.0
2008.498,2.0,0.0
2008.501,2.0,0.0
2008.504,2.0,0.0
2008.507,2.0,0.0
2008.509,2.0,0.0
2008.512,2.0,0.0
2008.515,2.0,0.0
2008.518,2.0,0.0
2008.520,2.0,0.0
2008.523,2.0,0.0
2008.526,2.0,0.0
2008.529,2.0,0.0
2008.531,2.0,0.0
2008.534,2.0,0.0
2008.537,2.0,0.0
2008.539,2.0,0.0
2008.542,2.0,0.0
2008.545,1.5,6.0
2008.548,1.0,7.0
2008.550,3.2,6.0
2008.553,2.0,0.0
2008.556,2.0,0.0
2008.559,2.0,0.0
2008.561,2.0,0.0
2008.564,2.0,0.0
2008.567,2.0,0.0
2008.570,2.0,0.0
2008.572,2.0,0.0
2008.575,2.0,0.0
2008.578,2.0,0.0
2008.581,2.0,0.0
2008.583,2.0,0.0
2008.586,2.0,0.0
2008.589,2.0,0.0
2008.592,2.0,0.0
2008.594,2.0,0.0
2008.597,2.0,0.0
2008.600,2.0,0.0
2008.603,2.0,0.0
2008.605,2.0,0.0
2008.608,2.0,0.0
2008.611,2.0,0.0
2008.614,2.0,0.0
2008.616,2.0,0.0
2008.619,2.0,0.0
2008.622,2.0,0.0
2008.624,2.0,0.0
2008.627,2.0,0.0
2008.630,2.0,0.0
2008.633,2.0,0.0
2008.635,2.0,0.0
2008.638,1.9,5.0
2008.641,3.2,5.0
2008.644,2.0,0.0
2008.646,2.0,0.0
2008.649,2.0,0.0
2008.652,2.0,0.0
2008.655,2.0,0.0
2008.657,2.0,0.0
2008.660,2.0,0.0
2008.663,2.0,0.0
2008.666,2.0,0.0
2008.668,2.0,0.0
2008.671,2.0,0.0
2008.674,2.0,0.0
2008.677,2.0,0.0
2008.679,2.0,0.0
2008.682,2.0,0.0
2008.685,2.0,0.0
2008.688,2.0,0.0
2008.690,2.0,0.0
2008.693,2.0,0.0
2008.696,4.7,7.0
2008.699,2.0,0.0
2008.701,2.0,0.0
2008.704,2.0,0.0
2008.707,2.0,0.0
2008.709,2.0,0.0
2008.712,2.0,0.0
2008.715,2.0,0.0
2008.718,2.0,0.0
2008.720,2.0,0.0
2008.723,2.0,0.0
2008.726,1.0,9.0
2008.729,1.9,10.0
2008.731,2.0,0.0
2008.734,2.0,0.0
2008.737,2.0,0.0
2008.740,2.0,0.0
2008.742,2.0,0.0
2008.745,6.7,9.0
2008.748,2.0,0.0
2008.750,2.0,0.0
2008.753,2.0,0.0
2008.756,2.0,0.0
2008.759,6.5,10.0
2008.761,2.0,0.0
2008.764,2.0,0.0
2008.767,2.0,0.0
2008.770,2.0,0.0
2008.772,2.0,0.0
2008.775,7.1,10.0
2008.778,0.6,13.0
2008.781,1.2,16.0
2008.783,0.9,13.0
2008.786,0.7,13.0
2008.789,0.6,12.0
2008.791,4.4,17.0
2008.794,5.4,12.0
2008.797,2.0,0.0
2008.800,2.0,0.0
2008.802,2.0,0.0
2008.805,2.0,0.0
2008.808,2.0,0.0
2008.811,2.0,0.0
2008.813,2.0,0.0
2008.816,2.0,0.0
2008.819,2.0,0.0
2008.822,2.0,0.0
2008.824,2.0,0.0
2008.827,2.0,0.0
2008.830,2.0,0.0
2008.833,2.7,13.0
2008.834,4.7,15.0
2008.837,0.8,18.0
2008.840,0.8,18.0
2008.843,1.7,16.0
2008.845,1.7,13.0
2008.848,2.1,11.0
2008.851,2.0,0.0
2008.854,2.0,0.0
2008.856,2.0,0.0
2008.859,2.0,0.0
2008.862,2.3,20.0
2008.865,2.5,23.0
2008.867,1.5,15.0
2008.870,0.7,13.0
2008.873,0.8,13.0
2008.875,0.8,13.0
2008.878,6.2,11.0
2008.881,2.0,0.0
2008.884,2.0,0.0
2008.886,2.0,0.0
2008.889,2.0,0.0
2008.892,2.0,0.0
2008.895,2.0,0.0
2008.897,2.0,0.0
2008.900,2.0,0.0
2008.903,2.0,0.0
2008.906,2.0,0.0
2008.908,2.0,0.0
2008.911,2.0,0.0
2008.914,2.0,0.0
2008.916,2.0,0.0
2008.919,2.0,0.0
2008.922,2.0,0.0
2008.925,2.0,0.0
2008.927,2.0,0.0
2008.930,2.0,0.0
2008.933,2.0,0.0
2008.936,2.0,0.0
2008.938,2.0,0.0
2008.941,2.3,11.0
2008.944,1.5,10.0
2008.947,2.2,11.0
2008.949,2.0,0.0
2008.952,2.0,0.0
2008.955,2.0,0.0
2008.957,2.0,0.0
2008.960,2.0,0.0
2008.963,2.0,0.0
2008.966,2.0,0.0
2008.968,2.0,0.0
2008.971,2.0,0.0
2008.974,2.0,0.0
2008.977,2.0,0.0
2008.979,2.0,0.0
2008.982,2.0,0.0
2008.985,2.0,0.0
2008.988,2.0,0.0
2008.990,2.0,0.0
2008.993,2.0,0.0
2008.996,2.0,0.0
2008.999,2.0,0.0
2009.001,2.0,0.0
2009.004,2.0,0.0
2009.007,2.0,0.0
2009.010,2.0,0.0
2009.012,2.0,0.0
2009.015,2.0,0.0
2009.018,2.0,0.0
2009.021,2.0,0.0
2009.023,0.9,7.0
2009.026,0.9,9.0
2009.029,0.8,10.0
2009.032,0.6,8.0
2009.034,2.0,0.0
2009.037,2.0,0.0
2009.040,2.0,0.0
2009.042,2.0,0.0
2009.045,2.0,0.0
2009.048,2.0,0.0
2009.051,2.0,7.0
2009.053,2.0,0.0
2009.056,2.0,0.0
2009.059,2.0,0.0
2009.062,2.0,0.0
2009.064,2.0,0.0
2009.067,2.0,0.0
2009.070,2.0,0.0
2009.073,2.0,0.0
2009.075,2.0,0.0
2009.078,2.0,0.0
2009.081,2.0,0.0
2009.084,2.0,0.0
2009.086,2.0,0.0
2009.089,2.0,0.0
2009.092,2.0,0.0
2009.095,2.0,0.0
2009.097,2.0,0.0
2009.100,2.0,0.0
2009.103,2.0,0.0
2009.106,2.0,0.0
2009.108,2.0,0.0
2009.111,2.0,0.0
2009.114,2.8,7.0
2009.117,1.1,6.0
2009.119,5.0,6.0
2009.122,2.0,0.0
2009.125,2.0,0.0
2009.127,2.0,0.0
2009.130,2.0,0.0
2009.133,2.0,0.0
2009.136,2.0,0.0
2009.138,2.0,0.0
2009.141,2.0,0.0
2009.144,2.0,0.0
2009.147,2.0,0.0
2009.149,2.3,7.0
2009.152,3.8,7.0
2009.155,2.0,0.0
2009.158,2.0,0.0
2009.160,2.0,0.0
2009.163,2.0,0.0
2009.166,2.0,0.0
2009.169,2.0,0.0
2009.172,2.0,0.0
2009.174,2.0,0.0
2009.177,1.3,7.0
2009.180,2.1,7.0
2009.183,2.0,0.0
2009.185,2.0,0.0
2009.188,2.0,0.0
2009.191,2.0,0.0
2009.194,2.0,0.0
2009.196,2.0,0.0
2009.199,2.0,0.0
2009.202,2.0,0.0
2009.204,2.0,0.0
2009.207,2.0,0.0
2009.210,2.0,0.0
2009.213,2.0,0.0
2009.215,2.0,0.0
2009.218,2.0,0.0
2009.221,2.0,0.0
2009.224,2.0,0.0
2009.226,2.0,0.0
2009.229,2.0,0.0
2009.232,2.7,6.0
2009.235,2.0,0.0
2009.237,2.0,0.0
2009.240,2.0,0.0
2009.243,2.0,0.0
2009.246,2.0,0.0
2009.248,2.0,0.0
2009.251,2.0,0.0
2009.254,2.0,0.0
2009.257,2.0,0.0
2009.259,2.0,0.0
2009.262,2.0,0.0
2009.265,2.0,0.0
2009.268,2.0,0.0
2009.270,2.0,0.0
2009.273,2.0,0.0
2009.276,2.0,0.0
2009.279,2.0,0.0
2009.281,2.0,0.0
2009.284,2.0,0.0
2009.287,2.0,0.0
2009.289,2.0,0.0
2009.292,2.0,0.0
2009.295,2.0,0.0
2009.298,2.0,0.0
2009.300,2.0,0.0
2009.303,3.9,11.0
2009.306,2.0,0.0
2009.309,2.0,0.0
2009.311,2.0,0.0
2009.314,2.0,0.0
2009.317,2.0,0.0
2009.320,2.0,0.0
2009.322,2.0,0.0
2009.325,4.1,13.0
2009.328,2.4,13.0
2009.330,2.0,0.0
2009.333,2.0,0.0
2009.336,2.0,0.0
2009.339,4.0,7.0
2009.341,2.0,0.0
2009.344,2.0,0.0
2009.347,2.0,0.0
2009.350,2.0,0.0
2009.352,2.0,0.0
2009.355,2.0,0.0
2009.358,2.0,0.0
2009.361,2.0,0.0
2009.363,2.6,7.0
2009.366,2.3,10.0
2009.369,1.9,9.0
2009.371,2.1,8.0
2009.374,2.9,9.0
2009.377,1.5,8.0
2009.380,5.3,7.0
2009.382,2.0,0.0
2009.385,2.0,0.0
2009.388,2.0,8.0
2009.391,2.3,8.0
2009.393,2.0,0.0
2009.396,2.0,0.0
2009.399,2.0,0.0
2009.402,2.0,0.0
2009.404,2.0,0.0
2009.407,2.0,0.0
2009.410,2.0,0.0
2009.413,2.9,10.0
2009.415,1.9,24.0
2009.418,2.4,26.0
2009.421,2.1,24.0
2009.424,1.5,19.0
2009.426,4.2,17.0
2009.429,2.0,0.0
2009.432,2.0,0.0
2009.435,2.0,0.0
2009.437,2.0,0.0
2009.440,2.0,0.0
2009.443,2.0,0.0
2009.446,2.0,0.0
2009.448,2.0,0.0
2009.451,2.0,0.0
2009.454,2.0,0.0
2009.456,2.0,0.0
2009.459,5.0,15.0
2009.462,2.0,0.0
2009.465,2.0,0.0
2009.467,2.0,0.0
2009.470,8.8,15.0
2009.473,3.1,17.0
2009.476,2.3,15.0
2009.478,2.3,17.0
2009.481,2.0,0.0
2009.484,2.0,0.0
2009.487,2.0,0.0
2009.489,2.0,0.0
2009.492,2.0,0.0
2009.495,2.0,0.0
2009.497,2.0,0.0
2009.500,2.0,0.0
2009.503,2.0,0.0
2009.506,2.8,24.0
2009.508,2.4,27.0
2009.511,2.4,24.0
2009.514,2.0,19.0
2009.517,1.9,21.0
2009.519,2.6,17.0
2009.522,2.4,15.0
2009.525,2.0,0.0
2009.528,2.0,0.0
2009.530,2.0,0.0
2009.533,2.0,0.0
2009.536,2.0,0.0
2009.538,2.0,0.0
2009.541,2.0,0.0
2009.544,2.0,0.0
2009.547,2.0,0.0
2009.549,2.0,0.0
2009.552,2.0,0.0
2009.555,2.0,0.0
2009.558,4.2,12.0
2009.560,2.0,0.0
2009.563,2.0,0.0
2009.566,2.0,0.0
2009.569,2.0,0.0
2009.571,2.0,0.0
2009.574,2.0,0.0
2009.577,7.2,12.0
2009.580,2.0,0.0
2009.582,2.0,0.0
2009.585,2.0,0.0
2009.588,2.0,0.0
2009.591,2.0,0.0
2009.593,2.0,0.0
2009.596,2.0,0.0
2009.599,2.0,0.0
2009.602,2.0,0.0
2009.604,2.0,0.0
2009.607,2.0,0.0
2009.610,2.0,0.0
2009.613,2.0,0.0
2009.615,2.0,0.0
2009.618,2.0,0.0
2009.621,2.0,0.0
2009.623,2.0,0.0
2009.626,2.0,0.0
2009.629,2.0,0.0
2009.632,2.0,0.0
2009.634,2.0,0.0
2009.637,2.0,0.0
2009.640,2.0,0.0
2009.643,2.0,0.0
2009.645,2.0,0.0
2009.648,2.0,0.0
2009.651,2.0,0.0
2009.654,2.0,0.0
2009.656,2.0,0.0
2009.659,2.0,0.0
2009.662,2.0,0.0
2009.665,2.0,0.0
2009.667,3.1,13.0
2009.670,2.0,0.0
2009.673,2.0,0.0
2009.676,2.0,0.0
2009.678,2.0,0.0
2009.681,2.0,0.0
2009.684,2.0,0.0
2009.687,2.0,0.0
2009.689,2.0,0.0
2009.692,2.0,0.0
2009.695,2.0,0.0
2009.698,2.0,0.0
2009.700,2.0,0.0
2009.703,2.0,0.0
2009.706,2.0,0.0
2009.708,2.0,0.0
2009.711,2.0,0.0
2009.714,2.0,0.0
2009.717,2.0,0.0
2009.719,2.0,0.0
2009.722,3.4,13.0
2009.725,3.9,22.0
2009.728,1.9,33.0
2009.730,3.1,33.0
2009.733,2.8,28.0
2009.736,1.7,15.0
2009.739,0.7,12.0
2009.741,1.8,17.0
2009.744,2.4,15.0
2009.747,2.1,12.0
2009.749,5.3,11.0
2009.752,2.0,0.0
2009.755,2.0,0.0
2009.758,2.0,0.0
2009.760,2.0,0.0
2009.763,2.0,0.0
2009.766,2.0,0.0
2009.769,2.0,0.0
2009.771,2.0,0.0
2009.774,2.0,0.0
2009.777,6.2,13.0
2009.780,2.0,0.0
2009.782,2.0,0.0
2009.785,2.0,0.0
2009.788,2.0,0.0
2009.790,2.0,0.0
2009.793,2.0,0.0
2009.796,2.0,0.0
2009.799,2.0,0.0
2009.801,2.0,0.0
2009.804,2.0,0.0
2009.807,2.0,0.0
2009.810,3.9,18.0
2009.812,3.5,26.0
2009.815,4.9,30.0
2009.818,2.6,32.0
2009.821,2.8,32.0
2009.823,3.5,32.0
2009.826,1.8,26.0
2009.829,1.2,18.0
2009.832,2.0,0.0
2009.834,2.0,0.0
2009.837,2.0,0.0
2009.840,2.0,0.0
2009.843,2.0,0.0
2009.845,3.8,12.0
2009.848,2.0,13.0
2009.851,2.0,0.0
2009.854,2.0,0.0
2009.856,2.3,13.0
2009.859,1.3,12.0
2009.862,3.9,12.0
2009.865,2.0,0.0
2009.867,4.1,12.0
2009.870,7.6,13.0
2009.873,1.5,12.0
2009.875,2.4,13.0
2009.878,2.0,0.0
2009.881,3.6,12.0
2009.884,6.2,29.0
2009.886,4.4,25.0
2009.889,2.6,15.0
2009.892,4.0,13.0
2009.895,2.0,0.0
2009.897,2.0,0.0
2009.900,2.0,0.0
2009.903,2.0,0.0
2009.906,2.0,0.0
2009.908,2.0,0.0
2009.911,2.0,0.0
2009.914,2.0,0.0
2009.916,2.0,0.0
2009.919,2.0,0.0
2009.922,2.0,0.0
2009.925,2.0,0.0
2009.927,2.0,0.0
2009.930,2.0,0.0
2009.933,2.0,0.0
2009.936,2.0,0.0
2009.938,7.7,11.0
2009.941,1.4,12.0
2009.944,1.7,12.0
2009.947,1.2,12.0
2009.949,1.6,14.0
2009.952,2.6,30.0
2009.955,4.0,36.0
2009.957,2.5,33.0
2009.960,2.2,26.0
2009.963,2.1,23.0
2009.966,2.4,24.0
2009.968,3.8,44.0
2009.971,6.8,46.0
2009.974,4.6,33.0
2009.977,4.6,26.0
2009.979,8.8,20.0
2009.982,2.0,0.0
2009.985,6.6,14.0
2009.988,0.8,15.0
2009.990,1.3,18.0
2009.993,0.7,18.0
2009.996,0.9,18.0
2009.999,1.0,21.0
2010.001,1.3,18.0
2010.004,1.2,21.0
2010.007,2.0,16.0
2010.010,0.8,15.0
2010.012,2.3,10.0
2010.015,2.0,0.0
2010.018,2.0,0.0
2010.021,4.6,15.0
2010.023,1.3,15.0
2010.026,2.1,22.0
2010.029,2.8,37.0
2010.032,3.1,35.0
2010.034,2.1,31.0
2010.037,2.1,26.0
2010.040,1.3,26.0
2010.042,1.9,23.0
2010.045,0.9,18.0
2010.048,2.7,13.0
2010.051,2.0,0.0
2010.053,3.6,13.0
2010.056,1.1,18.0
2010.059,3.8,31.0
2010.062,2.4,38.0
2010.064,2.2,38.0
2010.067,2.2,34.0
2010.070,3.3,25.0
2010.073,1.2,13.0
2010.075,0.7,12.0
2010.078,0.5,12.0
2010.081,5.8,12.0
2010.084,0.9,16.0
2010.086,0.7,17.0
2010.089,0.7,14.0
2010.092,0.8,14.0
2010.095,0.7,12.0
2010.097,1.4,12.0
2010.100,3.1,36.0
2010.103,3.8,38.0
2010.106,2.7,59.0
2010.108,3.6,56.0
2010.111,5.1,50.0
2010.114,3.0,44.0
2010.117,3.7,41.0
2010.119,3.8,43.0
2010.122,3.1,33.0
2010.125,1.5,30.0
2010.127,2.8,30.0
2010.130,8.2,43.0
2010.133,2.7,23.0
2010.136,1.2,20.0
2010.138,1.1,20.0
2010.141,1.0,17.0
2010.144,2.7,17.0
2010.147,1.7,15.0
2010.149,2.9,30.0
2010.152,1.4,29.0
2010.155,2.5,27.0
2010.158,2.1,14.0
2010.160,1.7,14.0
2010.163,2.6,23.0
2010.166,3.6,37.0
2010.169,3.2,36.0
2010.172,3.4,39.0
2010.174,7.5,28.0
2010.177,2.0,0.0
2010.180,3.4,12.0
2010.183,13.1,17.0
2010.185,2.0,0.0
2010.188,2.0,0.0
2010.191,2.0,34.0
2010.194,2.8,36.0
2010.196,3.3,31.0
2010.199,2.2,33.0
2010.202,3.2,27.0
2010.204,2.9,23.0
2010.207,2.4,28.0
2010.210,2.4,30.0
2010.213,2.3,22.0
2010.215,1.5,14.0
2010.218,3.2,22.0
2010.221,1.9,17.0
2010.224,3.2,14.0
2010.226,1.2,17.0
2010.229,2.9,23.0
2010.232,1.9,22.0
2010.235,2.9,34.0
2010.237,2.4,31.0
2010.240,2.1,33.0
2010.243,2.2,33.0
2010.246,1.5,27.0
2010.248,1.2,22.0
2010.251,1.1,22.0
2010.254,1.3,24.0
2010.257,5.3,33.0
2010.259,3.3,34.0
2010.262,1.9,25.0
2010.265,2.2,21.0
2010.268,4.7,29.0
2010.270,1.0,9.0
2010.273,2.5,10.0
2010.276,6.8,10.0
2010.279,1.5,10.0
2010.281,1.6,9.0
2010.284,2.0,0.0
2010.287,2.0,0.0
2010.289,2.0,0.0
2010.292,2.0,0.0
2010.295,2.0,0.0
2010.298,2.0,0.0
2010.300,2.0,0.0
2010.303,5.3,9.0
2010.306,4.1,9.0
2010.309,2.0,0.0
2010.311,2.0,0.0
2010.314,8.2,16.0
2010.317,2.0,0.0
2010.320,2.0,0.0
2010.322,5.1,10.0
2010.325,2.0,0.0
2010.328,2.9,9.0
2010.330,2.7,13.0
2010.333,5.8,21.0
2010.336,5.4,40.0
2010.339,5.6,51.0
2010.341,3.7,47.0
2010.344,4.5,19.0
2010.347,4.3,16.0
2010.350,6.9,16.0
2010.352,2.0,0.0
2010.355,2.0,0.0
2010.358,2.0,0.0
2010.361,2.0,0.0
2010.363,2.0,0.0
2010.366,2.0,0.0
2010.369,2.0,0.0
2010.371,2.0,0.0
2010.374,2.0,0.0
2010.377,2.0,0.0
2010.380,2.0,0.0
2010.382,2.0,0.0
2010.385,1.5,14.0
2010.388,0.8,21.0
2010.391,1.3,22.0
2010.393,1.1,19.0
2010.396,2.7,24.0
2010.399,1.7,16.0
2010.402,1.3,13.0
2010.404,1.5,13.0
2010.407,4.8,19.0
2010.410,6.1,29.0
2010.413,5.7,18.0
2010.415,2.7,15.0
2010.418,1.1,18.0
2010.421,1.2,21.0
2010.424,2.8,28.0
2010.426,2.5,26.0
2010.429,1.1,12.0
2010.432,6.6,18.0
2010.435,1.6,14.0
2010.437,2.6,29.0
2010.440,3.6,39.0
2010.443,5.0,46.0
2010.446,4.7,46.0
2010.448,3.5,25.0
2010.451,4.7,14.0
2010.454,2.0,0.0
2010.456,2.0,0.0
2010.459,2.6,12.0
2010.462,1.4,12.0
2010.465,3.7,26.0
2010.467,1.9,18.0
2010.470,1.4,14.0
2010.473,1.5,15.0
2010.476,0.8,14.0
2010.478,1.7,12.0
2010.481,4.7,17.0
2010.484,4.3,18.0
2010.487,1.8,11.0
2010.489,0.7,11.0
2010.492,2.9,22.0
2010.495,0.8,11.0
2010.497,1.5,13.0
2010.500,3.4,13.0
2010.503,0.8,13.0
2010.506,2.6,14.0
2010.508,2.1,27.0
2010.511,2.3,25.0
2010.514,1.5,13.0
2010.517,1.6,13.0
2010.519,5.6,17.0
2010.522,3.9,22.0
2010.525,4.5,36.0
2010.528,3.4,34.0
2010.530,4.3,30.0
2010.533,2.4,17.0
2010.536,3.6,25.0
2010.538,2.5,16.0
2010.541,2.8,14.0
2010.544,2.8,14.0
2010.547,3.2,14.0
2010.549,3.7,30.0
2010.552,2.8,31.0
2010.555,3.1,36.0
2010.558,5.0,44.0
2010.560,5.5,47.0
2010.563,3.5,39.0
2010.566,4.4,33.0
2010.569,3.6,19.0
2010.571,3.8,34.0
2010.574,3.5,38.0
2010.577,2.9,31.0
2010.580,4.0,30.0
2010.582,2.6,24.0
2010.585,3.0,24.0
2010.588,2.1,14.0
2010.591,2.7,32.0
2010.593,4.7,51.0
2010.596,3.7,51.0
2010.599,3.2,48.0
2010.602,2.7,38.0
2010.604,3.3,55.0
2010.607,4.6,58.0
2010.610,4.6,67.0
2010.613,5.5,50.0
2010.615,4.2,41.0
2010.618,3.4,33.0
2010.621,3.4,38.0
2010.623,7.2,51.0
2010.626,2.2,26.0
2010.629,3.2,23.0
2010.632,4.7,15.0
2010.634,5.1,12.0
2010.637,2.0,0.0
2010.640,2.0,0.0
2010.643,2.0,0.0
2010.645,2.2,12.0
2010.648,2.9,23.0
2010.651,2.9,23.0
2010.654,1.0,12.0
2010.656,1.3,12.0
2010.659,1.6,27.0
2010.662,2.5,29.0
2010.665,1.6,30.0
2010.667,3.2,30.0
2010.670,3.9,58.0
2010.673,4.4,49.0
2010.676,6.1,58.0
2010.678,2.9,43.0
2010.681,3.6,29.0
2010.684,2.6,14.0
2010.687,2.0,0.0
2010.689,2.0,0.0
2010.692,12.7,16.0
2010.695,1.6,12.0
2010.698,1.9,13.0
2010.700,2.8,26.0
2010.703,4.1,27.0
2010.706,2.5,27.0
2010.708,3.2,43.0
2010.711,3.5,53.0
2010.714,4.1,51.0
2010.717,3.6,49.0
2010.719,3.5,39.0
2010.722,2.9,38.0
2010.725,3.2,36.0
2010.728,2.8,39.0
2010.730,2.1,39.0
2010.733,1.7,39.0
2010.736,3.2,49.0
2010.739,4.0,56.0
2010.741,4.5,55.0
2010.744,3.9,55.0
2010.747,5.9,48.0
2010.749,4.4,36.0
2010.752,3.2,27.0
2010.755,2.2,29.0
2010.758,6.0,21.0
2010.760,5.2,13.0
2010.763,2.0,0.0
2010.766,2.0,0.0
2010.769,2.0,0.0
2010.771,9.8,13.0
2010.774,2.0,13.0
2010.777,0.7,13.0
2010.780,1.2,13.0
2010.782,2.6,23.0
2010.785,3.7,37.0
2010.788,2.0,41.0
2010.790,2.7,49.0
2010.793,3.4,57.0
2010.796,4.5,60.0
2010.799,6.3,63.0
2010.801,4.6,51.0
2010.804,1.9,36.0
2010.807,2.0,36.0
2010.810,3.0,44.0
2010.812,4.3,60.0
2010.815,4.2,67.0
2010.818,4.3,63.0
2010.821,3.9,41.0
2010.823,3.5,31.0
2010.826,4.0,39.0
2010.829,4.0,33.0
2010.832,2.8,34.0
2010.834,3.1,21.0
2010.837,2.1,18.0
2010.840,2.5,18.0
2010.843,1.6,14.0
2010.845,4.6,27.0
2010.848,5.9,35.0
2010.851,2.8,37.0
2010.854,2.6,37.0
2010.856,2.9,30.0
2010.859,4.8,48.0
2010.862,5.4,51.0
2010.865,4.9,48.0
2010.867,5.5,69.0
2010.870,4.3,61.0
2010.873,5.4,61.0
2010.875,5.0,59.0
2010.878,2.7,56.0
2010.881,3.6,46.0
2010.884,2.0,42.0
2010.886,2.6,32.0
2010.889,2.6,27.0
2010.892,2.6,24.0
2010.895,3.1,26.0
2010.897,1.2,13.0
2010.900,3.0,24.0
2010.903,1.9,14.0
2010.906,2.8,13.0
2010.908,4.5,27.0
2010.911,2.6,29.0
2010.914,1.9,24.0
2010.916,2.3,32.0
2010.919,1.7,36.0
2010.922,3.3,41.0
2010.925,5.9,53.0
2010.927,3.7,44.0
2010.930,2.5,29.0
2010.933,3.2,31.0
2010.936,1.9,31.0
2010.938,2.6,29.0
2010.941,3.9,36.0
2010.944,4.6,27.0
2010.947,4.4,27.0
2010.949,5.0,47.0
2010.952,3.9,27.0
2010.955,2.0,14.0
2010.957,2.8,24.0
2010.960,1.8,12.0
2010.963,2.0,0.0
2010.966,2.0,0.0
2010.968,2.0,0.0
2010.971,2.0,0.0
2010.974,7.5,17.0
2010.977,5.8,17.0
2010.979,2.8,14.0
2010.982,5.6,25.0
2010.985,6.5,34.0
2010.988,2.2,17.0
2010.990,1.9,22.0
2010.993,1.5,19.0
2010.996,2.8,14.0
2010.999,3.2,42.0
2011.001,3.6,48.0
2011.004,3.4,48.0
2011.007,2.1,47.0
2011.010,4.1,48.0
2011.012,4.0,36.0
2011.015,4.5,28.0
2011.018,3.1,35.0
2011.021,3.5,25.0
2011.023,4.7,32.0
2011.026,3.4,26.0
2011.029,1.8,25.0
2011.032,2.2,22.0
2011.034,2.5,13.0
2011.037,2.0,0.0
2011.040,3.8,12.0
2011.042,2.5,20.0
2011.045,3.2,28.0
2011.048,2.3,32.0
2011.051,2.7,26.0
2011.053,3.1,29.0
2011.056,3.8,33.0
2011.059,2.4,32.0
2011.062,3.5,33.0
2011.064,1.7,29.0
2011.067,1.7,28.0
2011.070,1.6,25.0
2011.073,4.0,20.0
2011.075,3.3,13.0
2011.078,2.9,15.0
2011.081,2.1,19.0
2011.084,1.1,20.0
2011.086,2.8,24.0
2011.089,4.2,21.0
2011.092,2.3,29.0
2011.095,4.1,36.0
2011.097,4.0,26.0
2011.100,6.2,18.0
2011.103,2.8,15.0
2011.106,9.9,64.0
2011.108,2.7,51.0
2011.111,2.8,34.0
2011.114,4.5,57.0
2011.117,2.5,60.0
2011.119,5.8,78.0
2011.122,7.9,87.0
2011.125,7.0,83.0
2011.127,7.6,78.0
2011.130,4.6,65.0
2011.133,5.8,85.0
2011.136,4.5,82.0
2011.138,7.8,69.0
2011.141,4.2,47.0
2011.144,2.8,38.0
2011.147,1.9,31.0
2011.149,5.4,24.0
2011.152,4.0,13.0
2011.155,6.9,42.0
2011.158,2.5,44.0
2011.160,4.8,51.0
2011.163,6.1,62.0
2011.166,3.8,56.0
2011.169,8.9,73.0
2011.172,5.8,99.0
2011.174,8.8,116.0
2011.177,8.5,130.0
2011.180,11.1,138.0
2011.183,9.2,141.0
2011.185,9.8,113.0
2011.188,9.5,83.0
2011.191,5.1,83.0
2011.194,7.6,83.0
2011.196,8.6,93.0
2011.199,6.4,61.0
2011.202,3.6,48.0
2011.204,2.9,38.0
2011.207,5.6,38.0
2011.210,3.0,28.0
2011.213,4.9,32.0
2011.215,4.8,30.0
2011.218,1.1,24.0
2011.221,3.5,45.0
2011.224,3.8,42.0
2011.226,6.6,55.0
2011.229,8.0,97.0
2011.232,5.7,101.0
2011.235,7.7,118.0
2011.237,8.2,124.0
2011.240,6.9,104.0
2011.243,5.9,96.0
2011.246,10.5,87.0
2011.248,4.1,67.0
2011.251,4.4,63.0
2011.254,2.9,60.0
2011.257,3.9,67.0
2011.259,3.6,56.0
2011.262,3.7,57.0
2011.265,8.0,81.0
2011.268,5.4,84.0
2011.270,8.0,78.0
2011.273,4.4,56.0
2011.276,4.5,67.0
2011.279,4.6,92.0
2011.281,7.6,111.0
2011.284,10.5,123.0
2011.287,6.9,127.0
2011.289,9.6,92.0
2011.292,5.4,71.0
2011.295,4.9,71.0
2011.298,5.6,71.0
2011.300,5.0,73.0
2011.303,5.3,80.0
2011.306,7.1,87.0
2011.309,6.0,78.0
2011.311,7.9,64.0
2011.314,8.4,56.0
2011.317,7.6,74.0
2011.320,7.3,73.0
2011.322,5.1,62.0
2011.325,5.0,62.0
2011.328,4.1,80.0
2011.330,6.1,70.0
2011.333,4.3,55.0
2011.336,4.8,71.0
2011.339,7.6,76.0
2011.341,7.4,76.0
2011.344,3.9,45.0
2011.347,3.7,43.0
2011.350,6.6,63.0
2011.352,6.4,84.0
2011.355,7.8,90.0
2011.358,5.9,66.0
2011.361,4.5,46.0
2011.363,3.4,36.0
2011.366,4.0,52.0
2011.369,5.5,57.0
2011.371,3.3,57.0
2011.374,3.6,50.0
2011.377,3.8,41.0
2011.380,2.0,36.0
2011.382,2.1,35.0
2011.385,3.4,36.0
2011.388,9.5,56.0
2011.391,4.9,31.0
2011.393,1.7,11.0
2011.396,3.5,24.0
2011.399,2.9,42.0
2011.402,3.8,63.0
2011.404,4.0,73.0
2011.407,5.3,98.0
2011.410,4.5,115.0
2011.413,6.5,106.0
2011.415,6.9,126.0
2011.418,7.5,135.0
2011.421,7.5,130.0
2011.424,7.0,115.0
2011.426,6.2,80.0
2011.429,6.6,70.0
2011.432,3.4,58.0
2011.435,4.0,45.0
2011.437,4.9,39.0
2011.440,4.5,33.0
2011.443,3.3,23.0
2011.446,1.8,17.0
2011.448,2.5,15.0
2011.451,3.2,36.0
2011.454,3.3,52.0
2011.456,3.7,59.0
2011.459,3.6,59.0
2011.462,5.5,61.0
2011.465,4.5,47.0
2011.467,4.6,39.0
2011.470,8.0,50.0
2011.473,3.9,50.0
2011.476,4.6,58.0
2011.478,4.6,65.0
2011.481,2.9,50.0
2011.484,4.6,27.0
2011.487,2.1,15.0
2011.489,5.5,38.0
2011.492,5.3,41.0
2011.495,3.4,49.0
2011.497,2.2,56.0
2011.500,4.5,44.0
2011.503,2.6,41.0
2011.506,3.4,46.0
2011.508,2.0,32.0
2011.511,2.2,34.0
2011.514,3.7,38.0
2011.517,6.0,63.0
2011.519,4.9,49.0
2011.522,5.6,59.0
2011.525,4.3,75.0
2011.528,2.8,72.0
2011.530,5.9,68.0
2011.533,3.6,68.0
2011.536,5.5,82.0
2011.538,4.9,74.0
2011.541,4.7,93.0
2011.544,7.4,115.0
2011.547,5.3,109.0
2011.549,5.3,71.0
2011.552,4.2,60.0
2011.555,2.9,54.0
2011.558,3.0,43.0
2011.560,7.7,43.0
2011.563,4.3,29.0
2011.566,3.7,43.0
2011.569,6.4,63.0
2011.571,6.4,96.0
2011.574,7.1,90.0
2011.577,4.5,91.0
2011.580,4.2,99.0
2011.582,7.8,107.0
2011.585,8.5,95.0
2011.588,6.8,81.0
2011.591,5.0,92.0
2011.593,6.6,88.0
2011.596,3.8,79.0
2011.599,3.8,79.0
2011.602,4.8,70.0
2011.604,5.8,61.0
2011.607,3.2,36.0
2011.610,4.8,38.0
2011.613,4.7,29.0
2011.615,8.1,18.0
2011.618,2.0,0.0
2011.621,2.1,12.0
2011.623,3.6,31.0
2011.626,4.0,51.0
2011.629,4.6,59.0
2011.632,4.5,60.0
2011.634,5.0,59.0
2011.637,4.5,73.0
2011.640,7.3,92.0
2011.643,6.4,98.0
2011.645,5.9,70.0
2011.648,8.1,65.0
2011.651,7.9,86.0
2011.654,5.4,77.0
2011.656,4.9,64.0
2011.659,4.3,56.0
2011.662,6.1,90.0
2011.665,6.2,125.0
2011.667,8.3,131.0
2011.670,6.9,136.0
2011.673,9.5,140.0
2011.676,8.2,105.0
2011.678,8.2,114.0
2011.681,6.0,89.0
2011.684,5.4,72.0
2011.687,2.5,54.0
2011.689,4.1,72.0
2011.692,4.1,80.0
2011.695,7.1,94.0
2011.698,9.3,139.0
2011.700,8.0,145.0
2011.703,9.4,169.0
2011.706,11.9,191.0
2011.708,14.6,191.0
2011.711,13.2,160.0
2011.714,9.2,143.0
2011.717,10.2,142.0
2011.719,12.4,123.0
2011.722,8.3,108.0
2011.725,9.7,109.0
2011.728,7.1,91.0
2011.730,6.0,116.0
2011.733,9.8,122.0
2011.736,10.5,112.0
2011.739,7.7,103.0
2011.741,9.0,109.0
2011.744,7.9,128.0
2011.747,7.5,116.0
2011.749,8.8,118.0
2011.752,6.4,118.0
2011.755,8.2,113.0
2011.758,8.6,128.0
2011.760,8.2,100.0
2011.763,5.3,100.0
2011.766,6.4,89.0
2011.769,2.7,69.0
2011.771,3.9,79.0
2011.774,4.3,90.0
2011.777,9.2,124.0
2011.780,9.2,146.0
2011.782,8.0,161.0
2011.785,12.3,170.0
2011.788,9.5,148.0
2011.790,8.3,154.0
2011.793,11.7,176.0
2011.796,11.6,156.0
2011.799,6.9,141.0
2011.801,9.8,183.0
2011.804,10.2,194.0
2011.807,10.0,174.0
2011.810,10.0,134.0
2011.812,12.0,130.0
2011.815,9.0,110.0
2011.818,9.5,104.0
2011.821,7.2,93.0
2011.823,12.5,101.0
2011.826,14.0,94.0
2011.829,6.6,103.0
2011.832,8.5,96.0
2011.834,10.6,125.0
2011.837,9.3,128.0
2011.840,9.1,125.0
2011.843,5.5,99.0
2011.845,6.8,114.0
2011.848,6.7,145.0
2011.851,9.9,173.0
2011.854,9.8,171.0
2011.856,9.0,177.0
2011.859,11.4,170.0
2011.862,6.8,162.0
2011.865,5.7,157.0
2011.867,10.0,162.0
2011.870,12.9,164.0
2011.873,9.0,141.0
2011.875,8.9,125.0
2011.878,10.2,121.0
2011.881,14.2,132.0
2011.884,13.3,128.0
2011.886,11.6,137.0
2011.889,9.2,127.0
2011.892,11.9,138.0
2011.895,15.7,142.0
2011.897,8.4,131.0
2011.900,10.5,158.0
2011.903,9.2,131.0
2011.906,5.9,124.0
2011.908,7.5,98.0
2011.911,8.8,135.0
2011.914,10.1,132.0
2011.916,8.8,129.0
2011.919,16.1,127.0
2011.922,7.1,154.0
2011.925,8.9,162.0
2011.927,9.9,151.0
2011.930,9.4,151.0
2011.933,8.9,132.0
2011.936,13.0,159.0
2011.938,6.0,114.0
2011.941,7.7,102.0
2011.944,7.6,93.0
2011.947,6.4,76.0
2011.949,4.2,81.0
2011.952,3.1,78.0
2011.955,6.3,57.0
2011.957,4.3,75.0
2011.960,5.3,90.0
2011.963,5.3,100.0
2011.966,6.5,115.0
2011.968,8.6,108.0
2011.971,11.0,109.0
2011.974,7.3,103.0
2011.977,4.4,103.0
2011.979,4.6,84.0
2011.982,4.4,97.0
2011.985,9.9,117.0
2011.988,15.6,114.0
2011.990,13.7,109.0
2011.993,8.4,112.0
2011.996,6.0,93.0
2011.999,5.9,93.0
2012.001,4.7,71.0
2012.004,7.9,92.0
2012.007,7.4,120.0
2012.010,9.2,126.0
2012.012,6.8,109.0
2012.015,4.6,113.0
2012.018,6.3,113.0
2012.021,7.0,104.0
2012.023,4.0,79.0
2012.026,5.5,70.0
2012.029,5.1,63.0
2012.032,3.4,52.0
2012.034,4.9,71.0
2012.037,5.6,118.0
2012.040,10.7,149.0
2012.042,8.8,154.0
2012.045,9.0,141.0
2012.048,7.4,126.0
2012.051,8.5,105.0
2012.053,10.3,102.0
2012.056,6.1,112.0
2012.059,6.1,109.0
2012.062,9.1,113.0
2012.064,9.2,86.0
2012.067,8.7,76.0
2012.070,4.1,49.0
2012.073,6.5,65.0
2012.075,3.7,45.0
2012.078,5.6,57.0
2012.081,5.9,62.0
2012.084,5.6,75.0
2012.086,7.0,89.0
2012.089,5.8,59.0
2012.092,2.9,35.0
2012.095,2.5,38.0
2012.097,2.5,29.0
2012.100,3.0,42.0
2012.103,4.8,32.0
2012.106,3.1,13.0
2012.108,3.8,29.0
2012.111,4.4,46.0
2012.114,3.3,46.0
2012.117,4.6,49.0
2012.119,4.0,65.0
2012.122,3.5,58.0
2012.125,3.4,54.0
2012.127,2.2,48.0
2012.130,3.1,49.0
2012.133,5.6,55.0
2012.136,3.7,70.0
2012.138,7.3,64.0
2012.141,4.1,59.0
2012.144,3.8,44.0
2012.147,5.3,55.0
2012.149,6.4,58.0
2012.152,2.9,48.0
2012.155,4.7,48.0
2012.158,4.7,44.0
2012.160,4.9,39.0
2012.163,2.8,20.0
2012.165,2.1,24.0
2012.168,2.3,27.0
2012.171,4.3,63.0
2012.174,5.7,86.0
2012.176,6.8,108.0
2012.179,7.4,115.0
2012.182,8.1,106.0
2012.185,8.1,97.0
2012.187,12.4,110.0
2012.190,14.5,104.0
2012.193,6.6,116.0
2012.196,7.7,116.0
2012.198,6.7,96.0
2012.201,6.0,85.0
2012.204,6.8,88.0
2012.206,6.9,85.0
2012.209,8.9,88.0
2012.212,5.2,62.0
2012.215,5.1,74.0
2012.217,5.5,86.0
2012.220,5.3,77.0
2012.223,7.3,70.0
2012.226,9.4,71.0
2012.228,8.6,94.0
2012.231,8.1,89.0
2012.234,6.8,88.0
2012.237,4.7,84.0
2012.239,5.5,88.0
2012.242,5.3,106.0
2012.245,8.9,94.0
2012.248,12.2,89.0
2012.250,8.3,65.0
2012.253,6.7,79.0
2012.256,4.9,72.0
2012.259,4.7,64.0
2012.261,5.7,53.0
2012.264,8.2,53.0
2012.267,4.0,30.0
2012.270,3.3,25.0
2012.272,3.5,14.0
2012.275,5.2,16.0
2012.278,4.8,30.0
2012.281,4.8,58.0
2012.283,3.0,54.0
2012.286,4.3,51.0
2012.289,9.8,90.0
2012.291,7.3,61.0
2012.294,4.6,79.0
2012.297,6.8,112.0
2012.300,10.0,148.0
2012.302,8.5,168.0
2012.305,12.9,162.0
2012.308,10.2,146.0
2012.311,5.6,138.0
2012.313,7.4,134.0
2012.316,6.8,126.0
2012.319,7.0,117.0
2012.322,5.9,106.0
2012.324,8.0,112.0
2012.327,9.3,110.0
2012.330,5.3,104.0
2012.332,7.9,96.0
2012.335,7.9,95.0
2012.338,5.3,96.0
2012.341,4.9,87.0
2012.343,5.2,88.0
2012.346,5.6,87.0
2012.349,5.9,80.0
2012.352,4.7,85.0
2012.354,6.9,91.0
2012.357,7.0,96.0
2012.360,13.3,110.0
2012.363,7.1,101.0
2012.365,7.0,105.0
2012.368,7.3,119.0
2012.371,6.3,122.0
2012.373,9.8,137.0
2012.376,8.5,110.0
2012.379,4.9,102.0
2012.382,10.2,109.0
2012.384,6.0,116.0
2012.387,7.5,110.0
2012.390,6.1,80.0
2012.393,6.5,77.0
2012.395,9.8,87.0
2012.398,4.9,94.0
2012.401,7.0,80.0
2012.404,4.2,82.0
2012.406,8.6,109.0
2012.409,4.5,78.0
2012.412,5.8,73.0
2012.415,7.6,89.0
2012.416,7.0,121.0
2012.419,9.8,151.0
2012.422,2.9,165.0
2012.425,8.0,148.0
2012.427,11.7,151.0
2012.430,10.2,153.0
2012.433,9.2,127.0
2012.436,7.1,107.0
2012.438,7.3,106.0
2012.441,6.8,121.0
2012.444,8.5,128.0
2012.447,6.6,111.0
2012.449,7.0,113.0
2012.452,5.9,123.0
2012.455,7.8,117.0
2012.457,8.3,106.0
2012.460,7.6,88.0
2012.463,4.1,57.0
2012.466,5.6,51.0
2012.468,2.7,30.0
2012.471,2.5,16.0
2012.474,1.7,16.0
2012.477,1.5,16.0
2012.479,4.1,20.0
2012.482,1.0,17.0
2012.485,3.1,36.0
2012.488,6.8,70.0
2012.490,4.6,87.0
2012.493,5.1,103.0
2012.496,3.6,104.0
2012.498,5.9,126.0
2012.501,10.2,128.0
2012.504,7.5,125.0
2012.507,8.4,131.0
2012.509,7.8,129.0
2012.512,8.2,132.0
2012.515,9.3,146.0
2012.518,8.1,117.0
2012.520,10.5,122.0
2012.523,8.4,107.0
2012.526,7.8,110.0
2012.529,11.0,125.0
2012.531,11.5,129.0
2012.534,8.2,125.0
2012.537,8.5,117.0
2012.539,5.3,102.0
2012.542,8.5,86.0
2012.545,3.8,57.0
2012.548,3.2,38.0
2012.550,4.6,36.0
2012.553,2.9,29.0
2012.556,3.2,29.0
2012.559,4.6,63.0
2012.561,5.2,71.0
2012.564,4.8,68.0
2012.567,5.2,86.0
2012.570,7.5,110.0
2012.572,6.5,107.0
2012.575,5.3,111.0
2012.578,6.0,120.0
2012.581,7.2,122.0
2012.583,8.0,132.0
2012.586,8.9,143.0
2012.589,10.9,174.0
2012.592,11.0,152.0
2012.594,7.0,123.0
2012.597,6.0,98.0
2012.600,6.8,122.0
2012.603,6.9,123.0
2012.605,10.5,158.0
2012.608,8.7,131.0
2012.611,6.2,108.0
2012.614,5.5,98.0
2012.616,3.6,74.0
2012.619,1.9,33.0
2012.622,2.2,30.0
2012.624,2.3,32.0
2012.627,3.9,50.0
2012.630,4.2,54.0
2012.633,5.2,72.0
2012.635,6.3,80.0
2012.638,3.2,71.0
2012.641,4.2,69.0
2012.644,5.1,71.0
2012.646,3.9,71.0
2012.649,4.6,77.0
2012.652,4.6,78.0
2012.655,4.0,75.0
2012.657,5.1,80.0
2012.660,6.4,83.0
2012.663,6.8,126.0
2012.666,9.9,150.0
2012.668,7.9,145.0
2012.671,7.4,142.0
2012.674,17.7,171.0
2012.677,12.5,159.0
2012.679,8.2,122.0
2012.682,7.5,116.0
2012.685,6.7,95.0
2012.688,3.5,82.0
2012.690,6.9,89.0
2012.693,5.6,70.0
2012.696,7.4,76.0
2012.699,4.2,73.0
2012.701,4.0,58.0
2012.704,2.7,52.0
2012.707,3.7,61.0
2012.709,4.7,64.0
2012.712,2.8,55.0
2012.715,4.5,64.0
2012.718,3.4,67.0
2012.720,4.2,81.0
2012.723,8.8,84.0
2012.726,4.0,58.0
2012.729,6.6,75.0
2012.731,7.2,95.0
2012.734,11.5,136.0
2012.737,16.2,145.0
2012.740,12.7,113.0
2012.742,4.9,85.0
2012.745,3.5,79.0
2012.748,9.7,99.0
2012.750,4.4,78.0
2012.753,3.3,73.0
2012.756,2.8,63.0
2012.759,2.7,62.0
2012.761,4.4,60.0
2012.764,2.9,43.0
2012.767,2.3,40.0
2012.770,4.7,49.0
2012.772,4.4,70.0
2012.775,5.0,76.0
2012.778,5.0,73.0
2012.781,4.0,83.0
2012.783,4.9,80.0
2012.786,5.6,95.0
2012.789,5.8,119.0
2012.791,9.2,115.0
2012.794,5.1,102.0
2012.797,6.1,109.0
2012.800,8.9,95.0
2012.802,5.5,73.0
2012.805,4.6,82.0
2012.808,4.7,85.0
2012.811,5.4,92.0
2012.813,5.7,95.0
2012.816,6.3,79.0
2012.819,6.8,78.0
2012.822,3.0,67.0
2012.824,2.2,53.0
2012.827,4.5,69.0
2012.830,5.3,65.0
2012.833,2.9,50.0
2012.834,3.4,47.0
2012.837,3.3,45.0
2012.840,5.1,44.0
2012.843,4.8,45.0
2012.845,5.0,51.0
2012.848,7.1,47.0
2012.851,5.1,61.0
2012.854,3.0,65.0
2012.856,5.2,65.0
2012.859,4.3,79.0
2012.862,7.2,108.0
2012.865,5.3,122.0
2012.867,6.8,121.0
2012.870,5.3,133.0
2012.873,5.3,138.0
2012.875,8.2,142.0
2012.878,10.9,139.0
2012.881,13.9,132.0
2012.884,11.2,121.0
2012.886,8.4,105.0
2012.889,6.1,106.0
2012.892,6.3,95.0
2012.895,5.0,78.0
2012.897,5.9,82.0
2012.900,7.7,84.0
2012.903,4.0,72.0
2012.906,4.9,77.0
2012.908,7.6,77.0
2012.911,4.4,78.0
2012.914,2.6,70.0
2012.916,2.5,53.0
2012.919,3.1,47.0
2012.922,2.6,44.0
2012.925,4.3,54.0
2012.927,5.8,60.0
2012.930,3.0,28.0
2012.933,2.3,31.0
2012.936,5.4,50.0
2012.938,2.8,42.0
2012.941,2.9,43.0
2012.944,2.8,47.0
2012.947,5.9,67.0
2012.949,5.9,72.0
2012.952,6.0,60.0
2012.955,7.7,62.0
2012.957,4.2,65.0
2012.960,4.3,74.0
2012.963,4.4,60.0
2012.966,4.8,54.0
2012.968,4.0,56.0
2012.971,4.5,60.0
2012.974,5.0,78.0
2012.977,6.0,79.0
2012.979,8.6,57.0
2012.982,4.8,53.0
2012.985,6.8,57.0
2012.988,6.9,54.0
2012.990,4.6,53.0
2012.993,7.1,56.0
2012.996,5.4,56.0
2012.999,5.5,89.0
2013.001,8.6,99.0
2013.004,4.0,95.0
2013.007,8.6,130.0
2013.010,7.9,150.0
2013.012,9.0,162.0
2013.015,5.3,160.0
2013.018,7.2,145.0
2013.021,7.1,154.0
2013.023,4.3,156.0
2013.026,10.7,148.0
2013.029,9.8,163.0
2013.032,7.5,160.0
2013.034,6.8,128.0
2013.037,5.6,119.0
2013.040,4.9,110.0
2013.042,7.1,90.0
2013.045,3.6,63.0
2013.048,6.6,43.0
2013.051,3.5,47.0
2013.053,3.0,47.0
2013.056,3.6,37.0
2013.059,3.9,55.0
2013.062,3.5,60.0
2013.064,2.6,55.0
2013.067,2.3,49.0
2013.070,3.4,66.0
2013.073,8.1,72.0
2013.075,6.4,61.0
2013.078,2.9,52.0
2013.081,3.5,53.0
2013.084,2.9,49.0
2013.086,3.5,64.0
2013.089,5.0,72.0
2013.092,6.2,80.0
2013.095,3.4,38.0
2013.097,2.3,42.0
2013.100,3.0,43.0
2013.103,3.3,62.0
2013.106,3.1,59.0
2013.108,3.1,61.0
2013.111,4.1,48.0
2013.114,4.6,56.0
2013.117,5.4,64.0
2013.119,4.5,38.0
2013.122,2.2,35.0
2013.125,5.0,45.0
2013.127,5.9,40.0
2013.130,5.6,72.0
2013.133,7.5,109.0
2013.136,4.0,114.0
2013.138,5.7,107.0
2013.141,4.3,78.0
2013.144,4.6,67.0
2013.147,4.7,50.0
2013.149,3.2,30.0
2013.152,3.1,51.0
2013.155,2.1,53.0
2013.158,3.3,58.0
2013.160,3.8,70.0
2013.163,3.7,77.0
2013.166,7.5,96.0
2013.169,7.7,92.0
2013.172,6.2,88.0
2013.174,5.5,83.0
2013.177,5.6,77.0
2013.180,9.7,66.0
2013.183,9.8,73.0
2013.185,6.5,81.0
2013.188,12.2,100.0
2013.191,6.6,101.0
2013.194,5.9,115.0
2013.196,5.2,110.0
2013.199,5.0,123.0
2013.202,5.7,111.0
2013.204,8.0,110.0
2013.207,8.2,119.0
2013.210,5.8,107.0
2013.213,5.9,66.0
2013.215,5.9,51.0
2013.218,4.7,49.0
2013.221,4.9,49.0
2013.224,3.3,49.0
2013.226,3.2,41.0
2013.229,2.6,42.0
2013.232,2.2,30.0
2013.235,4.1,35.0
2013.237,6.3,47.0
2013.240,2.8,72.0
2013.243,4.3,73.0
2013.246,5.4,95.0
2013.248,3.7,79.0
2013.251,6.2,98.0
2013.254,7.3,101.0
2013.257,10.6,93.0
2013.259,6.0,114.0
2013.262,4.5,113.0
2013.265,5.8,126.0
2013.268,8.4,122.0
2013.270,5.8,136.0
2013.273,6.2,139.0
2013.276,6.0,126.0
2013.279,7.7,125.0
2013.281,6.7,117.0
2013.284,5.8,110.0
2013.287,6.3,93.0
2013.289,4.9,93.0
2013.292,4.9,95.0
2013.295,4.4,85.0
2013.298,9.0,87.0
2013.300,7.4,90.0
2013.303,5.5,93.0
2013.306,5.8,89.0
2013.309,7.8,82.0
2013.311,5.6,98.0
2013.314,6.1,111.0
2013.317,6.2,105.0
2013.320,6.3,107.0
2013.322,6.9,102.0
2013.325,7.0,141.0
2013.328,11.4,150.0
2013.330,11.5,142.0
2013.333,7.1,104.0
2013.336,5.7,98.0
2013.339,5.7,122.0
2013.341,4.6,110.0
2013.344,5.6,108.0
2013.347,7.0,116.0
2013.350,7.8,122.0
2013.352,8.6,116.0
2013.355,6.5,125.0
2013.358,7.2,134.0
2013.361,7.6,142.0
2013.363,9.1,153.0
2013.366,9.4,160.0
2013.369,13.6,173.0
2013.371,11.0,206.0
2013.374,11.8,183.0
2013.377,11.5,133.0
2013.380,7.5,127.0
2013.382,8.2,112.0
2013.385,5.6,113.0
2013.388,10.9,131.0
2013.391,7.3,108.0
2013.393,10.4,108.0
2013.396,5.9,118.0
2013.399,9.3,96.0
2013.402,6.7,92.0
2013.404,6.0,78.0
2013.407,8.3,72.0
2013.410,8.3,73.0
2013.413,4.2,50.0
2013.415,4.2,60.0
2013.418,2.8,77.0
2013.421,5.0,64.0
2013.424,2.0,51.0
2013.426,3.9,79.0
2013.429,4.4,76.0
2013.432,4.2,48.0
2013.435,2.1,26.0
2013.437,3.1,35.0
2013.440,3.1,26.0
2013.443,1.5,16.0
2013.446,2.8,29.0
2013.448,5.6,51.0
2013.451,3.5,64.0
2013.454,4.8,95.0
2013.456,5.8,104.0
2013.459,5.3,111.0
2013.462,4.7,113.0
2013.465,5.4,123.0
2013.467,5.4,129.0
2013.470,8.0,139.0
2013.473,7.0,137.0
2013.476,8.3,118.0
2013.478,6.2,108.0
2013.481,9.1,77.0
2013.484,7.5,60.0
2013.487,5.3,61.0
2013.489,7.8,75.0
2013.492,4.8,69.0
2013.495,5.9,80.0
2013.497,6.1,77.0
2013.500,7.4,112.0
2013.503,10.8,109.0
2013.506,8.1,121.0
2013.508,8.6,109.0
2013.511,9.9,124.0
2013.514,8.4,141.0
2013.517,8.5,122.0
2013.519,6.2,110.0
2013.522,5.2,80.0
2013.525,8.3,79.0
2013.528,7.8,73.0
2013.530,4.5,36.0
2013.533,7.6,60.0
2013.536,5.6,77.0
2013.538,6.2,77.0
2013.541,4.2,73.0
2013.544,7.1,95.0
2013.547,10.0,85.0
2013.549,3.6,59.0
2013.552,3.0,53.0
2013.555,4.5,57.0
2013.558,8.4,80.0
2013.560,5.7,70.0
2013.563,5.8,85.0
2013.566,3.4,71.0
2013.569,3.5,68.0
2013.571,4.2,73.0
2013.574,5.2,103.0
2013.577,4.8,89.0
2013.580,6.4,103.0
2013.582,4.8,96.0
2013.585,6.7,114.0
2013.588,6.6,107.0
2013.591,6.4,86.0
2013.593,5.6,82.0
2013.596,5.9,71.0
2013.599,8.4,86.0
2013.602,7.2,89.0
2013.604,4.8,64.0
2013.607,4.8,72.0
2013.610,4.1,81.0
2013.613,6.2,90.0
2013.615,7.4,108.0
2013.618,8.6,108.0
2013.621,11.9,124.0
2013.623,5.8,96.0
2013.626,6.6,100.0
2013.629,8.2,110.0
2013.632,7.5,134.0
2013.634,6.9,129.0
2013.637,6.0,146.0
2013.640,7.3,139.0
2013.643,10.8,138.0
2013.645,7.0,78.0
2013.648,4.1,50.0
2013.651,4.1,43.0
2013.654,4.0,56.0
2013.656,2.8,50.0
2013.659,2.2,53.0
2013.662,5.3,71.0
2013.665,7.2,74.0
2013.667,4.9,74.0
2013.670,4.8,90.0
2013.673,3.2,72.0
2013.676,5.3,78.0
2013.678,4.2,65.0
2013.681,2.6,49.0
2013.684,5.4,37.0
2013.687,4.1,25.0
2013.689,1.6,13.0
2013.692,2.7,18.0
2013.695,9.2,60.0
2013.698,8.5,52.0
2013.700,4.9,37.0
2013.703,2.9,25.0
2013.706,0.6,13.0
2013.708,2.1,25.0
2013.711,10.7,52.0
2013.714,3.4,63.0
2013.717,5.1,63.0
2013.719,5.3,90.0
2013.722,4.0,77.0
2013.725,7.6,79.0
2013.728,5.4,72.0
2013.730,5.0,65.0
2013.733,7.2,71.0
2013.736,6.2,54.0
2013.739,6.2,63.0
2013.741,3.9,56.0
2013.744,3.3,43.0
2013.747,5.0,53.0
2013.749,4.2,48.0
2013.752,4.7,60.0
2013.755,4.7,68.0
2013.758,4.5,79.0
2013.760,3.8,57.0
2013.763,3.9,47.0
2013.766,6.9,73.0
2013.769,9.2,96.0
2013.771,6.3,106.0
2013.774,6.8,120.0
2013.777,8.6,122.0
2013.780,4.8,112.0
2013.782,6.7,132.0
2013.785,8.8,128.0
2013.788,9.6,128.0
2013.790,11.0,119.0
2013.793,10.0,146.0
2013.796,9.5,155.0
2013.799,7.6,130.0
2013.801,7.5,114.0
2013.804,9.1,128.0
2013.807,10.0,118.0
2013.810,11.4,124.0
2013.812,11.3,144.0
2013.815,11.9,138.0
2013.818,8.8,132.0
2013.821,7.8,148.0
2013.823,6.4,147.0
2013.826,10.2,150.0
2013.829,7.9,146.0
2013.832,8.6,130.0
2013.834,8.9,106.0
2013.837,4.1,101.0
2013.840,7.2,123.0
2013.843,10.8,128.0
2013.845,4.8,122.0
2013.848,5.9,145.0
2013.851,12.3,166.0
2013.854,11.4,142.0
2013.856,6.9,104.0
2013.859,6.8,101.0
2013.862,5.3,113.0
2013.865,10.2,135.0
2013.867,5.9,152.0
2013.870,9.4,173.0
2013.873,5.4,166.0
2013.875,11.6,183.0
2013.878,20.2,192.0
2013.881,12.0,145.0
2013.884,8.3,113.0
2013.886,6.0,84.0
2013.889,4.5,72.0
2013.892,5.1,67.0
2013.895,6.7,62.0
2013.897,6.2,72.0
2013.900,6.9,40.0
2013.903,3.5,37.0
2013.906,4.9,73.0
2013.908,6.1,106.0
2013.911,5.0,98.0
2013.914,6.2,95.0
2013.916,9.5,124.0
2013.919,9.0,139.0
2013.922,7.6,110.0
2013.925,5.8,117.0
2013.927,5.7,110.0
2013.930,5.2,98.0
2013.933,6.4,89.0
2013.936,7.2,95.0
2013.938,11.1,142.0
2013.941,9.8,187.0
2013.944,13.2,176.0
2013.947,12.2,151.0
2013.949,8.3,144.0
2013.952,9.3,135.0
2013.955,7.5,135.0
2013.957,12.9,114.0
2013.960,8.9,121.0
2013.963,10.5,140.0
2013.966,6.3,140.0
2013.968,9.3,143.0
2013.971,9.6,140.0
2013.974,12.2,114.0
2013.977,6.9,111.0
2013.979,5.5,109.0
2013.982,8.2,96.0
2013.985,6.9,103.0
2013.988,6.3,106.0
2013.990,7.0,100.0
2013.993,6.6,124.0
2013.996,10.0,100.0
2013.999,11.0,136.0
2014.001,6.2,124.0
2014.004,7.8,133.0
2014.007,8.1,153.0
2014.010,11.6,136.0
2014.012,11.3,134.0
2014.015,11.5,167.0
2014.018,10.2,140.0
2014.021,7.4,107.0
2014.023,9.7,120.0
2014.026,7.9,137.0
2014.029,9.9,142.0
2014.032,6.3,133.0
2014.034,8.4,117.0
2014.037,6.1,96.0
2014.040,5.1,93.0
2014.042,4.7,80.0
2014.045,5.5,74.0
2014.048,7.8,116.0
2014.051,6.6,110.0
2014.053,5.9,133.0
2014.056,8.9,129.0
2014.059,9.6,154.0
2014.062,10.6,146.0
2014.064,7.0,116.0
2014.067,5.5,100.0
2014.070,9.9,97.0
2014.073,8.7,76.0
2014.075,4.5,77.0
2014.078,3.2,94.0
2014.081,5.6,99.0
2014.084,9.5,93.0
2014.086,8.0,94.0
2014.089,12.6,118.0
2014.092,9.6,127.0
2014.095,13.8,144.0
2014.097,16.1,167.0
2014.100,10.0,171.0
2014.103,10.6,147.0
2014.106,9.4,147.0
2014.108,8.8,147.0
2014.111,7.6,137.0
2014.114,9.1,158.0
2014.117,8.6,161.0
2014.119,11.1,147.0
2014.122,7.9,130.0
2014.125,11.8,113.0
2014.127,7.3,103.0
2014.130,6.6,106.0
2014.133,6.1,127.0
2014.136,7.6,126.0
2014.138,8.5,133.0
2014.141,10.9,136.0
2014.144,10.6,146.0
2014.147,11.3,158.0
2014.149,8.4,153.0
2014.152,10.2,171.0
2014.155,14.5,207.0
2014.158,15.2,220.0
2014.160,16.0,196.0
2014.163,9.1,155.0
2014.166,11.7,158.0
2014.169,8.3,161.0
2014.172,5.7,141.0
2014.174,14.1,154.0
2014.177,9.8,127.0
2014.180,8.6,134.0
2014.183,8.6,116.0
2014.185,12.2,111.0
2014.188,8.6,113.0
2014.191,5.6,111.0
2014.194,9.9,132.0
2014.196,8.8,112.0
2014.199,5.8,109.0
2014.202,7.0,111.0
2014.204,6.2,122.0
2014.207,11.4,126.0
2014.210,10.4,136.0
2014.213,8.4,141.0
2014.215,8.5,139.0
2014.218,7.4,126.0
2014.221,8.4,146.0
2014.224,11.6,151.0
2014.226,7.8,137.0
2014.229,7.6,136.0
2014.232,5.9,112.0
2014.235,7.1,115.0
2014.237,8.4,122.0
2014.240,6.2,118.0
2014.243,6.3,101.0
2014.246,6.6,118.0
2014.248,5.6,96.0
2014.251,6.8,114.0
2014.254,7.3,133.0
2014.257,8.5,158.0
2014.259,6.5,135.0
2014.262,6.5,121.0
2014.265,7.5,114.0
2014.268,6.7,117.0
2014.270,8.6,94.0
2014.273,4.7,65.0
2014.276,4.0,61.0
2014.279,5.4,73.0
2014.281,5.9,80.0
2014.284,7.1,105.0
2014.287,7.6,145.0
2014.289,7.1,187.0
2014.292,9.6,199.0
2014.295,9.5,178.0
2014.298,13.1,178.0
2014.300,12.0,173.0
2014.303,9.6,150.0
2014.306,9.8,123.0
2014.309,3.1,85.0
2014.311,3.0,72.0
2014.314,3.3,57.0
2014.317,3.1,45.0
2014.320,5.0,77.0
2014.322,4.3,80.0
2014.325,4.0,77.0
2014.328,4.7,82.0
2014.330,4.4,88.0
2014.333,8.0,115.0
2014.336,7.0,123.0
2014.339,6.9,127.0
2014.341,6.0,142.0
2014.344,7.4,148.0
2014.347,7.3,120.0
2014.350,7.0,132.0
2014.352,8.5,139.0
2014.355,8.9,123.0
2014.358,7.8,150.0
2014.361,10.5,154.0
2014.363,7.9,133.0
2014.366,8.4,166.0
2014.369,8.5,156.0
2014.371,7.8,133.0
2014.374,7.2,151.0
2014.377,16.5,138.0
2014.380,7.8,102.0
2014.382,7.5,87.0
2014.385,7.1,85.0
2014.388,5.3,66.0
2014.391,5.6,91.0
2014.393,6.3,109.0
2014.396,6.6,109.0
2014.399,6.9,91.0
2014.402,6.7,78.0
2014.404,5.2,70.0
2014.407,4.3,48.0
2014.410,3.1,55.0
2014.413,4.2,57.0
2014.415,3.1,64.0
2014.418,5.1,62.0
2014.421,6.9,74.0
2014.424,6.4,64.0
2014.426,6.5,87.0
2014.429,8.9,119.0
2014.432,6.1,133.0
2014.435,10.4,142.0
2014.437,9.9,156.0
2014.440,10.1,162.0
2014.443,9.9,174.0
2014.446,8.7,197.0
2014.448,11.1,182.0
2014.451,8.9,137.0
2014.454,5.6,74.0
2014.456,8.2,84.0
2014.459,7.6,95.0
2014.462,6.8,120.0
2014.465,7.0,95.0
2014.467,4.0,80.0
2014.470,6.2,93.0
2014.473,6.1,90.0
2014.476,8.4,77.0
2014.478,4.4,40.0
2014.481,4.6,55.0
2014.484,4.1,67.0
2014.487,6.2,67.0
2014.489,7.5,71.0
2014.492,10.9,93.0
2014.495,8.1,132.0
2014.497,7.3,134.0
2014.500,8.2,145.0
2014.503,9.1,167.0
2014.506,11.3,172.0
2014.508,14.7,194.0
2014.511,12.8,185.0
2014.514,15.6,197.0
2014.517,10.7,183.0
2014.519,7.5,162.0
2014.522,8.1,161.0
2014.525,6.5,144.0
2014.528,7.0,119.0
2014.530,10.3,86.0
2014.533,7.1,62.0
2014.536,3.1,18.0
2014.538,3.2,10.0
2014.541,2.0,0.0
2014.544,2.0,15.0
2014.547,1.7,35.0
2014.549,4.6,35.0
2014.552,2.3,17.0
2014.555,3.1,39.0
2014.558,6.4,65.0
2014.560,4.2,62.0
2014.563,5.5,64.0
2014.566,4.3,58.0
2014.569,6.6,78.0
2014.571,6.1,109.0
2014.574,6.1,137.0
2014.577,5.7,122.0
2014.580,8.9,131.0
2014.582,8.7,165.0
2014.585,13.2,165.0
2014.588,10.0,153.0
2014.591,9.8,146.0
2014.593,10.0,128.0
2014.596,8.2,113.0
2014.599,9.3,123.0
2014.602,5.2,89.0
2014.604,10.4,83.0
2014.607,3.8,62.0
2014.610,4.4,69.0
2014.613,6.6,75.0
2014.615,5.9,79.0
2014.618,4.0,86.0
2014.621,7.6,107.0
2014.623,6.7,109.0
2014.626,5.5,116.0
2014.629,6.9,105.0
2014.632,5.6,93.0
2014.634,4.8,102.0
2014.637,6.1,120.0
2014.640,6.0,125.0
2014.643,12.0,150.0
2014.645,9.0,149.0
2014.648,6.3,116.0
2014.651,4.5,86.0
2014.654,7.6,95.0
2014.656,6.4,82.0
2014.659,4.1,66.0
2014.662,4.5,76.0
2014.665,4.2,82.0
2014.667,4.7,96.0
2014.670,6.2,110.0
2014.673,5.3,102.0
2014.676,6.7,120.0
2014.678,7.1,116.0
2014.681,7.4,142.0
2014.684,7.4,165.0
2014.687,11.2,154.0
2014.689,10.4,175.0
2014.692,9.9,169.0
2014.695,10.8,160.0
2014.698,8.6,126.0
2014.700,8.6,125.0
2014.703,7.4,104.0
2014.706,5.9,94.0
2014.708,8.8,114.0
2014.711,7.6,123.0
2014.714,5.3,82.0
2014.717,5.5,79.0
2014.719,5.8,80.0
2014.722,7.2,95.0
2014.725,5.9,101.0
2014.728,7.0,119.0
2014.730,6.6,108.0
2014.733,7.6,144.0
2014.736,10.7,165.0
2014.739,10.8,181.0
2014.741,14.5,193.0
2014.744,12.9,180.0
2014.747,12.9,178.0
2014.749,8.0,135.0
2014.752,7.4,126.0
2014.755,7.9,117.0
2014.758,5.9,105.0
2014.760,7.4,89.0
2014.763,5.5,68.0
2014.766,4.8,68.0
2014.769,10.0,74.0
2014.771,3.6,59.0
2014.774,2.3,36.0
2014.777,2.6,30.0
2014.780,2.0,30.0
2014.782,3.2,42.0
2014.785,5.9,74.0
2014.788,7.8,89.0
2014.790,9.2,70.0
2014.793,6.3,64.0
2014.796,4.3,61.0
2014.799,6.2,92.0
2014.801,7.1,110.0
2014.804,10.0,107.0
2014.807,8.2,123.0
2014.810,15.5,132.0
2014.812,6.7,138.0
2014.815,10.6,136.0
2014.818,10.2,132.0
2014.821,6.6,107.0
2014.823,7.1,101.0
2014.826,2.9,92.0
2014.829,8.6,102.0
2014.832,5.6,80.0
2014.834,9.3,90.0
2014.837,3.7,98.0
2014.840,6.6,112.0
2014.843,6.7,109.0
2014.845,11.0,137.0
2014.848,7.7,101.0
2014.851,8.0,106.0
2014.854,6.9,86.0
2014.856,8.5,75.0
2014.859,7.8,69.0
2014.862,6.8,89.0
2014.865,6.1,92.0
2014.867,8.3,112.0
2014.870,6.3,102.0
2014.873,5.0,111.0
2014.875,8.7,103.0
2014.878,6.6,99.0
2014.881,7.6,77.0
2014.884,7.6,65.0
2014.886,7.9,74.0
2014.889,9.4,75.0
2014.892,8.3,84.0
2014.895,6.5,78.0
2014.897,5.4,103.0
2014.900,6.6,117.0
2014.903,15.0,139.0
2014.906,12.5,152.0
2014.908,8.7,143.0
2014.911,17.1,157.0
2014.914,9.5,154.0
2014.916,3.2,141.0
2014.919,8.9,125.0
2014.922,5.9,115.0
2014.925,10.3,93.0
2014.927,4.6,65.0
2014.930,7.2,57.0
2014.933,4.0,57.0
2014.936,7.3,71.0
2014.938,3.5,69.0
2014.941,5.2,90.0
2014.944,6.0,104.0
2014.947,7.1,115.0
2014.949,17.2,140.0
2014.952,8.0,162.0
2014.955,9.5,166.0
2014.957,11.0,175.0
2014.960,8.1,178.0
2014.963,11.4,154.0
2014.966,12.6,175.0
2014.968,7.1,138.0
2014.971,8.0,137.0
2014.974,6.8,118.0
2014.977,5.4,115.0
2014.979,5.4,93.0
2014.982,5.0,97.0
2014.985,6.1,88.0
2014.988,4.7,91.0
2014.990,4.3,100.0
2014.993,3.8,94.0
2014.996,8.1,88.0
2014.999,5.9,88.0
2015.001,6.9,104.0
2015.004,8.0,122.0
2015.007,7.3,102.0
2015.010,9.1,105.0
2015.012,8.2,88.0
2015.015,6.9,89.0
2015.018,9.7,103.0
2015.021,5.7,99.0
2015.023,8.8,111.0
2015.026,5.4,106.0
2015.029,8.0,122.0
2015.032,12.0,124.0
2015.034,7.3,101.0
2015.037,6.1,80.0
2015.040,4.9,59.0
2015.042,4.6,52.0
2015.045,3.0,40.0
2015.048,4.4,68.0
2015.051,3.6,66.0
2015.053,5.2,56.0
2015.056,3.9,43.0
2015.059,2.2,50.0
2015.062,4.5,60.0
2015.064,4.4,59.0
2015.067,5.6,62.0
2015.070,7.0,109.0
2015.073,8.4,126.0
2015.075,6.3,141.0
2015.078,12.2,146.0
2015.081,6.9,153.0
2015.084,10.6,138.0
2015.086,7.3,113.0
2015.089,6.5,93.0
2015.092,4.9,89.0
2015.095,6.3,96.0
2015.097,7.9,93.0
2015.100,4.4,89.0
2015.103,4.9,76.0
2015.106,5.8,84.0
2015.108,4.8,88.0
2015.111,6.0,84.0
2015.114,5.3,60.0
2015.117,3.1,51.0
2015.119,3.6,62.0
2015.122,3.7,53.0
2015.125,5.9,65.0
2015.127,2.3,41.0
2015.130,3.3,39.0
2015.133,4.1,87.0
2015.136,8.1,89.0
2015.138,4.7,64.0
2015.141,4.8,58.0
2015.144,3.2,43.0
2015.147,3.4,46.0
2015.149,3.4,44.0
2015.152,1.7,21.0
2015.155,1.4,22.0
2015.158,4.8,58.0
2015.160,4.3,60.0
2015.163,5.4,65.0
2015.166,3.9,52.0
2015.169,1.9,42.0
2015.172,3.2,37.0
2015.174,2.5,26.0
2015.177,1.9,35.0
2015.180,1.3,17.0
2015.183,1.9,28.0
2015.185,2.1,23.0
2015.188,1.6,27.0
2015.191,3.5,44.0
2015.194,4.0,56.0
2015.196,5.8,76.0
2015.199,4.7,55.0
2015.202,4.5,53.0
2015.204,4.4,46.0
2015.207,3.3,38.0
2015.210,2.3,41.0
2015.213,3.3,49.0
2015.215,1.5,20.0
2015.218,2.0,26.0
2015.221,6.7,81.0
2015.224,8.2,99.0
2015.226,5.9,108.0
2015.229,6.7,99.0
2015.232,8.9,105.0
2015.235,7.7,101.0
2015.237,3.9,81.0
2015.240,6.8,72.0
2015.243,2.7,51.0
2015.246,2.0,38.0
2015.248,3.2,43.0
2015.251,3.0,35.0
2015.254,2.0,35.0
2015.257,3.9,54.0
2015.259,4.3,55.0
2015.262,3.5,53.0
2015.265,4.8,51.0
2015.268,3.0,43.0
2015.270,4.1,47.0
2015.273,3.4,41.0
2015.276,1.2,59.0
2015.279,7.7,86.0
2015.281,10.2,103.0
2015.284,8.1,105.0
2015.287,8.3,96.0
2015.289,9.8,100.0
2015.292,8.5,117.0
2015.295,13.2,140.0
2015.298,13.3,137.0
2015.300,11.9,128.0
2015.303,10.2,127.0
2015.306,12.0,138.0
2015.309,10.1,117.0
2015.311,6.2,83.0
2015.314,6.2,69.0
2015.317,5.3,65.0
2015.320,4.5,47.0
2015.322,4.0,41.0
2015.325,2.1,30.0
2015.328,0.9,15.0
2015.330,0.9,19.0
2015.333,2.2,34.0
2015.336,3.8,44.0
2015.339,6.3,103.0
2015.341,5.5,104.0
2015.344,10.7,124.0
2015.347,12.9,145.0
2015.350,10.1,150.0
2015.352,10.6,139.0
2015.355,11.4,163.0
2015.358,10.8,163.0
2015.361,14.6,165.0
2015.363,13.6,172.0
2015.366,12.4,164.0
2015.369,9.8,124.0
2015.371,7.4,103.0
2015.374,5.2,89.0
2015.377,6.7,101.0
2015.380,7.2,77.0
2015.382,3.7,59.0
2015.385,3.9,50.0
2015.388,3.8,73.0
2015.391,5.9,72.0
2015.393,4.7,78.0
2015.396,3.1,67.0
2015.399,5.0,53.0
2015.402,1.2,14.0
2015.404,0.9,12.0
2015.407,2.6,33.0
2015.410,3.0,31.0
2015.413,1.4,29.0
2015.415,1.8,27.0
2015.418,3.7,44.0
2015.421,4.0,49.0
2015.424,6.8,80.0
2015.426,5.7,90.0
2015.429,10.0,109.0
2015.432,9.6,124.0
2015.435,10.6,112.0
2015.437,5.5,92.0
2015.440,8.1,93.0
2015.443,5.8,95.0
2015.446,8.4,98.0
2015.448,8.7,97.0
2015.451,6.9,90.0
2015.454,4.3,54.0
2015.456,4.3,70.0
2015.459,7.9,80.0
2015.462,5.2,77.0
2015.465,5.0,68.0
2015.467,6.1,64.0
2015.470,5.8,61.0
2015.473,4.3,56.0
2015.476,1.9,45.0
2015.478,2.2,36.0
2015.481,1.9,27.0
2015.484,1.6,23.0
2015.487,1.1,21.0
2015.489,2.6,32.0
2015.492,2.9,39.0
2015.495,2.8,41.0
2015.497,4.0,54.0
2015.500,6.7,75.0
2015.503,6.2,88.0
2015.506,6.6,99.0
2015.508,5.2,109.0
2015.511,8.1,97.0
2015.514,11.0,112.0
2015.517,8.9,123.0
2015.519,8.3,110.0
2015.522,7.5,103.0
2015.525,5.5,92.0
2015.528,6.1,71.0
2015.530,5.1,53.0
2015.533,2.8,43.0
2015.536,2.7,43.0
2015.538,4.0,50.0
2015.541,3.4,50.0
2015.544,5.2,58.0
2015.547,3.4,44.0
2015.549,2.1,36.0
2015.552,2.7,36.0
2015.555,3.4,36.0
2015.558,1.8,29.0
2015.560,1.8,31.0
2015.563,2.5,34.0
2015.566,3.2,40.0
2015.569,3.9,51.0
2015.571,3.9,62.0
2015.574,6.5,67.0
2015.577,5.0,76.0
2015.580,2.7,69.0
2015.582,6.2,64.0
2015.585,4.0,53.0
2015.588,3.8,61.0
2015.591,6.2,90.0
2015.593,6.3,94.0
2015.596,7.0,108.0
2015.599,6.5,112.0
2015.602,4.8,93.0
2015.604,5.5,76.0
2015.607,4.6,69.0
2015.610,7.6,78.0
2015.613,4.7,66.0
2015.615,5.1,55.0
2015.618,3.0,46.0
2015.621,3.9,39.0
2015.623,2.2,38.0
2015.626,1.4,33.0
2015.629,2.6,39.0
2015.632,4.8,50.0
2015.634,5.6,65.0
2015.637,6.2,73.0
2015.640,5.6,71.0
2015.643,6.1,81.0
2015.645,4.8,81.0
2015.648,4.3,69.0
2015.651,4.2,47.0
2015.654,3.1,55.0
2015.656,2.2,44.0
2015.659,3.1,56.0
2015.662,3.7,56.0
2015.665,2.7,35.0
2015.667,3.4,43.0
2015.670,3.5,36.0
2015.673,2.2,29.0
2015.676,2.4,37.0
2015.678,1.9,27.0
2015.681,3.3,43.0
2015.684,3.2,44.0
2015.687,2.7,42.0
2015.689,5.4,57.0
2015.692,3.5,46.0
2015.695,6.1,81.0
2015.698,7.8,89.0
2015.700,7.8,83.0
2015.703,4.2,56.0
2015.706,4.4,68.0
2015.708,5.3,86.0
2015.711,4.7,75.0
2015.714,6.2,71.0
2015.717,5.0,64.0
2015.719,3.6,65.0
2015.722,7.0,78.0
2015.725,5.3,86.0
2015.728,8.1,96.0
2015.730,8.7,101.0
2015.733,10.1,152.0
2015.736,8.7,162.0
2015.739,8.9,169.0
2015.741,8.6,156.0
2015.744,9.7,120.0
2015.747,6.8,95.0
2015.749,6.2,93.0
2015.752,4.2,62.0
2015.755,3.0,51.0
2015.758,1.5,22.0
2015.760,1.7,20.0
2015.763,1.5,26.0
2015.766,1.9,33.0
2015.769,3.2,37.0
2015.771,1.9,26.0
2015.774,1.1,13.0
2015.777,2.8,30.0
2015.780,4.9,53.0
2015.782,4.2,65.0
2015.785,3.1,57.0
2015.788,3.7,55.0
2015.790,2.9,59.0
2015.793,6.5,79.0
2015.796,7.5,75.0
2015.799,6.1,94.0
2015.801,5.9,95.0
2015.804,6.1,89.0
2015.807,7.2,107.0
2015.810,9.1,94.0
2015.812,6.2,78.0
2015.815,4.9,67.0
2015.818,5.8,78.0
2015.821,5.7,67.0
2015.823,6.2,81.0
2015.826,6.9,93.0
2015.829,6.7,88.0
2015.832,6.2,86.0
2015.834,4.8,85.0
2015.837,7.0,101.0
2015.840,6.3,82.0
2015.843,4.9,100.0
2015.845,5.6,82.0
2015.848,5.0,78.0
2015.851,8.2,82.0
2015.854,7.5,75.0
2015.856,4.7,66.0
2015.859,5.3,71.0
2015.862,5.6,61.0
2015.865,5.8,60.0
2015.867,4.2,49.0
2015.870,2.8,39.0
2015.873,3.4,56.0
2015.875,2.8,38.0
2015.878,1.8,34.0
2015.881,1.8,30.0
2015.884,2.8,41.0
2015.886,4.6,55.0
2015.889,5.7,58.0
2015.892,4.4,71.0
2015.895,3.6,56.0
2015.897,3.7,59.0
2015.900,4.7,61.0
2015.903,6.0,65.0
2015.906,5.3,61.0
2015.908,3.2,51.0
2015.911,3.8,51.0
2015.914,2.6,47.0
2015.916,2.5,32.0
2015.919,2.5,49.0
2015.922,2.6,36.0
2015.925,2.4,33.0
2015.927,4.1,50.0
2015.930,4.8,54.0
2015.933,5.8,61.0
2015.936,5.3,60.0
2015.938,7.3,78.0
2015.941,5.9,82.0
2015.944,8.0,83.0
2015.947,8.3,83.0
2015.949,6.2,81.0
2015.952,8.3,86.0
2015.955,5.6,65.0
2015.957,3.8,63.0
2015.960,4.8,56.0
2015.963,3.5,54.0
2015.966,3.3,49.0
2015.968,1.9,22.0
2015.971,1.4,18.0
2015.974,4.4,72.0
2015.977,6.5,68.0
2015.979,6.0,69.0
2015.982,6.1,76.0
2015.985,5.9,65.0
2015.988,4.5,67.0
2015.990,7.0,71.0
2015.993,3.4,57.0
2015.996,2.7,37.0
2015.999,2.1,22.0
2016.001,2.5,37.0
2016.004,3.7,40.0
2016.007,4.6,51.0
2016.010,5.8,70.0
2016.012,3.1,35.0
2016.015,2.0,31.0
2016.018,5.3,61.0
2016.021,7.2,86.0
2016.023,6.8,97.0
2016.026,6.5,90.0
2016.029,3.8,47.0
2016.032,1.9,40.0
2016.034,2.7,38.0
2016.037,2.3,41.0
2016.040,3.1,45.0
2016.042,3.3,44.0
2016.045,4.3,58.0
2016.048,4.6,54.0
2016.051,4.3,66.0
2016.053,4.2,62.0
2016.056,5.4,64.0
2016.059,4.1,67.0
2016.062,5.3,63.0
2016.064,4.3,48.0
2016.067,6.0,67.0
2016.070,4.0,69.0
2016.073,5.2,83.0
2016.075,4.5,77.0
2016.078,3.9,64.0
2016.081,2.3,36.0
2016.084,1.4,35.0
2016.086,3.4,44.0
2016.089,3.5,52.0
2016.092,7.7,83.0
2016.095,10.7,108.0
2016.097,7.5,103.0
2016.100,7.2,79.0
2016.103,8.3,89.0
2016.106,5.0,89.0
2016.108,7.2,84.0
2016.111,5.9,75.0
2016.114,5.3,85.0
2016.117,6.2,63.0
2016.119,2.2,38.0
2016.122,2.6,46.0
2016.125,4.7,50.0
2016.127,3.7,42.0
2016.130,3.0,38.0
2016.133,1.9,36.0
2016.136,3.9,46.0
2016.138,3.1,52.0
2016.141,4.4,47.0
2016.144,2.4,34.0
2016.147,2.8,37.0
2016.149,2.3,34.0
2016.152,1.6,26.0
2016.155,3.5,48.0
2016.158,2.6,26.0
2016.160,2.2,36.0
2016.163,3.0,45.0
2016.165,6.7,68.0
2016.168,7.1,78.0
2016.171,6.7,77.0
2016.174,9.5,111.0
2016.176,6.4,83.0
2016.179,5.6,78.0
2016.182,5.6,79.0
2016.185,6.1,63.0
2016.187,6.3,91.0
2016.190,7.8,80.0
2016.193,3.1,51.0
2016.196,6.1,70.0
2016.198,4.8,57.0
2016.201,4.0,70.0
2016.204,4.1,59.0
2016.206,5.1,79.0
2016.209,6.3,72.0
2016.212,3.1,47.0
2016.215,2.7,37.0
2016.217,3.4,36.0
2016.220,1.8,33.0
2016.223,1.4,20.0
2016.226,1.1,21.0
2016.228,3.4,35.0
2016.231,3.0,34.0
2016.234,2.5,32.0
2016.237,3.0,32.0
2016.239,1.9,30.0
2016.242,1.9,20.0
2016.245,1.1,17.0
2016.248,1.1,16.0
2016.250,0.7,12.0
2016.253,0.7,12.0
2016.256,0.8,12.0
2016.259,2.3,40.0
2016.261,2.4,33.0
2016.264,1.4,20.0
2016.267,1.1,18.0
2016.270,1.9,26.0
2016.272,1.8,25.0
2016.275,3.2,34.0
2016.278,3.7,43.0
2016.281,3.2,37.0
2016.283,4.8,48.0
2016.286,3.6,46.0
2016.289,1.3,33.0
2016.291,3.7,42.0
2016.294,2.3,36.0
2016.297,1.8,31.0
2016.300,1.8,28.0
2016.302,2.5,25.0
2016.305,2.5,26.0
2016.308,1.6,21.0
2016.311,1.1,13.0
2016.313,3.2,37.0
2016.316,4.2,45.0
2016.319,5.0,57.0
2016.322,4.9,76.0
2016.324,5.5,90.0
2016.327,5.3,82.0
2016.330,7.4,89.0
2016.332,7.8,87.0
2016.335,5.0,83.0
2016.338,5.0,73.0
2016.341,5.5,71.0
2016.343,5.6,60.0
2016.346,4.3,57.0
2016.349,2.1,34.0
2016.352,3.0,44.0
2016.354,4.4,52.0
2016.357,7.3,76.0
2016.360,4.8,79.0
2016.363,6.2,83.0
2016.365,6.6,78.0
2016.368,8.0,88.0
2016.371,4.8,87.0
2016.373,4.5,55.0
2016.376,2.9,38.0
2016.379,2.1,30.0
2016.382,3.4,43.0
2016.384,2.4,46.0
2016.387,1.6,18.0
2016.390,2.6,28.0
2016.393,0.9,16.0
2016.395,1.4,25.0
2016.398,2.6,35.0
2016.401,2.6,34.0
2016.404,3.0,34.0
2016.406,2.1,33.0
2016.409,3.1,33.0
2016.412,3.5,41.0
2016.415,3.2,36.0
2016.416,2.7,41.0
2016.419,0.7,14.0
2016.422,0.0,0.0
2016.425,0.9,10.0
2016.427,0.0,0.0
2016.430,0.0,0.0
2016.433,5.6,12.0
2016.436,1.4,14.0
2016.438,1.1,19.0
2016.441,1.3,33.0
2016.444,3.6,44.0
2016.447,2.7,42.0
2016.449,3.2,38.0
2016.452,3.2,38.0
2016.455,2.8,40.0
2016.457,1.7,28.0
2016.460,1.9,39.0
2016.463,4.5,47.0
2016.466,3.7,50.0
2016.468,1.7,36.0
2016.471,1.9,24.0
2016.474,2.0,23.0
2016.477,1.5,12.0
2016.479,2.9,12.0
2016.482,0.0,0.0
2016.485,0.0,0.0
2016.488,0.0,0.0
2016.490,0.0,0.0
2016.493,0.0,0.0
2016.496,0.0,0.0
2016.498,0.0,0.0
2016.501,0.0,11.0
2016.504,10.4,19.0
2016.507,0.0,0.0
2016.509,4.1,13.0
2016.512,5.1,13.0
2016.515,1.8,25.0
2016.518,3.0,41.0
2016.520,5.3,56.0
2016.523,4.6,50.0
2016.526,5.0,62.0
2016.529,3.7,59.0
2016.531,3.1,53.0
2016.534,4.1,58.0
2016.537,5.5,69.0
2016.539,5.8,60.0
2016.542,3.2,39.0
2016.545,5.9,64.0
2016.548,5.2,59.0
2016.550,4.2,56.0
2016.553,3.2,52.0
2016.556,3.4,39.0
2016.559,2.5,27.0
2016.561,0.9,13.0
2016.564,0.0,0.0
2016.567,0.0,0.0
2016.570,0.0,0.0
2016.572,3.7,13.0
2016.575,1.2,15.0
2016.578,1.3,21.0
2016.581,5.2,16.0
2016.583,3.9,12.0
2016.586,3.8,12.0
2016.589,0.0,0.0
2016.592,6.9,16.0
2016.594,3.0,38.0
2016.597,3.5,39.0
2016.600,3.6,51.0
2016.603,5.7,81.0
2016.605,4.1,72.0
2016.608,4.3,77.0
2016.611,3.8,79.0
2016.614,5.0,71.0
2016.616,5.0,58.0
2016.619,4.5,59.0
2016.622,5.7,63.0
2016.624,7.1,80.0
2016.627,3.5,58.0
2016.630,3.3,49.0
2016.633,2.9,47.0
2016.635,1.4,16.0
2016.638,5.3,14.0
2016.641,2.4,28.0
2016.644,4.1,48.0
2016.646,4.8,49.0
2016.649,4.4,48.0
2016.652,3.0,49.0
2016.655,5.2,58.0
2016.657,4.6,64.0
2016.660,5.1,68.0
2016.663,4.5,74.0
2016.666,5.3,77.0
2016.668,5.1,78.0
2016.671,5.4,67.0
2016.674,4.8,65.0
2016.677,3.4,49.0
2016.679,1.9,31.0
2016.682,4.0,43.0
2016.685,3.0,57.0
2016.688,3.6,53.0
2016.690,4.8,79.0
2016.693,6.4,78.0
2016.696,4.3,67.0
2016.699,5.0,59.0
2016.701,3.5,39.0
2016.704,1.9,28.0
2016.707,1.2,15.0
2016.709,0.9,13.0
2016.712,1.2,14.0
2016.715,2.4,38.0
2016.718,3.5,63.0
2016.720,3.6,53.0
2016.723,4.2,55.0
2016.726,2.3,36.0
2016.729,4.7,60.0
2016.731,5.0,55.0
2016.734,2.8,30.0
2016.737,2.9,29.0
2016.740,2.2,26.0
2016.742,2.6,30.0
2016.745,1.7,17.0
2016.748,0.0,12.0
2016.750,0.0,0.0
2016.753,5.5,15.0
2016.756,2.3,35.0
2016.759,2.9,40.0
2016.761,2.9,41.0
2016.764,3.7,56.0
2016.767,4.2,60.0
2016.770,4.6,63.0
2016.772,6.2,68.0
2016.775,4.2,66.0
2016.778,4.8,63.0
2016.781,3.2,41.0
2016.783,3.8,42.0
2016.786,3.0,41.0
2016.789,2.8,38.0
2016.791,2.7,29.0
2016.794,2.2,27.0
2016.797,1.9,29.0
2016.800,2.5,28.0
2016.802,0.8,16.0
2016.805,2.4,28.0
2016.808,2.0,27.0
2016.811,1.4,15.0
2016.813,1.1,15.0
2016.816,1.2,17.0
2016.819,0.3,25.0
2016.822,1.5,25.0
2016.824,1.9,37.0
2016.827,1.8,23.0
2016.830,1.0,13.0
2016.833,1.3,13.0
2016.834,0.6,12.0
2016.837,0.0,0.0
2016.840,2.0,27.0
2016.843,1.4,25.0
2016.845,1.5,25.0
2016.848,1.5,22.0
2016.851,0.6,11.0
2016.854,0.0,0.0
2016.856,3.0,14.0
2016.859,1.1,24.0
2016.862,1.6,26.0
2016.865,1.1,12.0
2016.867,3.5,36.0
2016.870,2.3,31.0
2016.873,1.5,27.0
2016.875,1.1,27.0
2016.878,2.3,29.0
2016.881,1.5,28.0
2016.884,8.1,24.0
2016.886,4.6,13.0
2016.889,0.0,0.0
2016.892,0.0,0.0
2016.895,0.3,11.0
2016.897,0.9,12.0
2016.900,0.7,13.0
2016.903,1.3,25.0
2016.906,2.3,30.0
2016.908,3.2,41.0
2016.911,3.8,46.0
2016.914,4.4,51.0
2016.916,2.2,55.0
2016.919,3.1,61.0
2016.922,3.5,56.0
2016.925,2.9,38.0
2016.927,3.4,34.0
2016.930,3.1,31.0
2016.933,1.3,19.0
2016.936,1.2,14.0
2016.938,5.7,20.0
2016.941,0.0,0.0
2016.944,0.0,0.0
2016.947,0.7,12.0
2016.949,1.3,14.0
2016.952,1.1,23.0
2016.955,1.0,12.0
2016.957,0.0,0.0
2016.960,1.5,13.0
2016.963,1.7,27.0
2016.966,0.9,15.0
2016.968,1.3,22.0
2016.971,2.0,30.0
2016.974,0.9,16.0
2016.977,0.0,0.0
2016.979,0.0,0.0
2016.982,0.0,0.0
2016.985,0.0,0.0
2016.988,1.3,16.0
2016.990,2.8,12.0
2016.993,4.2,11.0
2016.996,4.4,11.0
2016.999,5.7,11.0
2017.001,1.3,12.0
2017.004,2.4,12.0
2017.007,2.4,11.0
2017.010,0.0,0.0
2017.012,0.0,0.0
2017.015,0.0,0.0
2017.018,0.0,0.0
2017.021,0.0,0.0
2017.023,0.0,0.0
2017.026,0.0,0.0
2017.029,0.0,0.0
2017.032,1.5,11.0
2017.034,2.4,26.0
2017.037,2.0,31.0
2017.040,1.8,30.0
2017.042,1.9,25.0
2017.045,2.9,30.0
2017.048,3.5,36.0
2017.051,3.1,33.0
2017.053,3.5,56.0
2017.056,4.5,75.0
2017.059,4.2,68.0
2017.062,4.6,57.0
2017.064,2.7,43.0
2017.067,2.2,47.0
2017.070,3.5,40.0
2017.073,2.8,30.0
2017.075,2.5,30.0
2017.078,2.7,34.0
2017.081,2.7,35.0
2017.084,3.1,36.0
2017.086,4.6,47.0
2017.089,3.2,47.0
2017.092,2.3,39.0
2017.095,8.6,20.0
2017.097,7.0,14.0
2017.100,4.6,13.0
2017.103,2.4,13.0
2017.106,3.8,11.0
2017.108,1.5,19.0
2017.111,1.8,24.0
2017.114,1.3,23.0
2017.117,2.0,21.0
2017.119,1.2,19.0
2017.122,1.2,16.0
2017.125,1.2,24.0
2017.127,6.3,19.0
2017.130,1.2,14.0
2017.133,3.9,13.0
2017.136,1.6,27.0
2017.138,1.7,32.0
2017.141,2.5,27.0
2017.144,2.2,29.0
2017.147,2.4,24.0
2017.149,2.0,27.0
2017.152,2.7,32.0
2017.155,3.8,38.0
2017.158,3.9,50.0
2017.160,4.2,58.0
2017.163,3.7,59.0
2017.166,5.3,56.0
2017.169,3.2,39.0
2017.172,0.0,0.0
2017.174,4.1,14.0
2017.177,0.0,0.0
2017.180,0.0,0.0
2017.183,0.0,0.0
2017.185,0.0,0.0
2017.188,0.0,0.0
2017.191,0.0,0.0
2017.194,0.0,0.0
2017.196,0.0,0.0
2017.199,0.0,0.0
2017.202,0.0,0.0
2017.204,0.0,0.0
2017.207,0.0,0.0
2017.210,0.0,0.0
2017.213,0.0,0.0
2017.215,0.0,0.0
2017.218,2.1,13.0
2017.221,1.0,14.0
2017.224,0.8,14.0
2017.226,1.1,14.0
2017.229,1.4,18.0
2017.232,2.2,31.0
2017.235,3.9,52.0
2017.237,5.7,57.0
2017.240,4.6,52.0
2017.243,2.9,49.0
2017.246,5.8,66.0
2017.248,6.7,71.0
2017.251,7.2,83.0
2017.254,8.2,100.0
2017.257,7.3,76.0
2017.259,2.9,50.0
2017.262,2.2,36.0
2017.265,1.2,23.0
2017.268,0.0,0.0
2017.270,1.5,12.0
2017.273,0.8,14.0
2017.276,1.2,14.0
2017.279,1.7,22.0
2017.281,1.5,25.0
2017.284,1.8,19.0
2017.287,0.0,0.0
2017.289,0.0,0.0
2017.292,0.0,0.0
2017.295,1.2,23.0
2017.298,0.9,15.0
2017.300,2.3,28.0
2017.303,3.5,40.0
2017.306,1.6,30.0
2017.309,2.9,43.0
2017.311,3.4,46.0
2017.314,2.8,41.0
2017.317,3.5,38.0
2017.320,1.9,26.0
2017.322,3.3,36.0
2017.325,3.0,34.0
2017.328,1.5,24.0
2017.330,0.6,12.0
2017.333,1.4,29.0
2017.336,1.1,18.0
2017.339,1.4,17.0
2017.341,1.7,31.0
2017.344,2.1,27.0
2017.347,1.2,23.0
2017.350,0.7,11.0
2017.352,0.0,0.0
2017.355,0.0,0.0
2017.358,1.3,11.0
2017.361,6.7,15.0
2017.363,0.0,0.0
2017.366,0.0,0.0
2017.369,0.0,0.0
2017.371,1.3,25.0
2017.374,0.6,12.0
2017.377,1.3,24.0
2017.380,1.6,25.0
2017.382,2.4,30.0
2017.385,1.7,37.0
2017.388,4.2,50.0
2017.391,3.5,55.0
2017.393,1.2,20.0
2017.396,2.9,31.0
2017.399,2.1,25.0
2017.402,2.0,24.0
2017.404,1.6,21.0
2017.407,0.8,14.0
2017.410,0.0,0.0
2017.413,0.0,0.0
2017.415,1.3,15.0
2017.418,1.5,23.0
2017.421,2.2,24.0
2017.424,1.4,25.0
2017.426,1.9,34.0
2017.429,1.9,24.0
2017.432,1.4,14.0
2017.435,0.9,14.0
2017.437,0.0,0.0
2017.440,0.0,0.0
2017.443,0.0,0.0
2017.446,0.0,0.0
2017.448,0.8,11.0
2017.451,0.8,11.0
2017.454,2.5,31.0
2017.456,1.8,30.0
2017.459,1.7,30.0
2017.462,1.2,29.0
2017.465,1.6,27.0
2017.467,3.0,31.0
2017.470,1.1,35.0
2017.473,0.8,24.0
2017.476,1.0,23.0
2017.478,2.2,25.0
2017.481,1.6,18.0
2017.484,2.1,21.0
2017.487,1.3,19.0
2017.489,1.6,16.0
2017.492,0.7,12.0
2017.495,0.6,11.0
2017.497,2.1,23.0
2017.500,4.1,13.0
2017.503,0.0,0.0
2017.506,0.0,0.0
2017.508,2.3,7.0
2017.511,0.8,16.0
2017.514,2.2,26.0
2017.517,3.1,31.0
2017.519,4.1,43.0
2017.522,2.7,45.0
2017.525,3.7,38.0
2017.528,4.8,61.0
2017.530,5.6,59.0
2017.533,4.2,52.0
2017.536,2.0,33.0
2017.538,1.9,21.0
2017.541,2.2,22.0
2017.544,0.0,0.0
2017.547,0.0,0.0
2017.549,0.0,0.0
2017.552,0.0,0.0
2017.555,0.0,0.0
2017.558,0.0,0.0
2017.560,0.0,0.0
2017.563,1.3,12.0
2017.566,1.3,12.0
2017.569,0.0,0.0
2017.571,1.5,11.0
2017.574,6.1,12.0
2017.577,4.9,15.0
2017.580,0.0,0.0
2017.582,1.4,13.0
2017.585,0.8,13.0
2017.588,1.0,13.0
2017.591,0.7,14.0
2017.593,0.8,13.0
2017.596,0.9,13.0
2017.599,0.8,12.0
2017.602,0.9,13.0
2017.604,0.9,12.0
2017.607,1.1,14.0
2017.610,0.7,12.0
2017.613,0.7,13.0
2017.615,1.0,12.0
2017.618,1.4,13.0
2017.621,1.6,22.0
2017.623,2.2,33.0
2017.626,2.8,45.0
2017.629,3.8,45.0
2017.632,3.1,50.0
2017.634,3.6,60.0
2017.637,5.9,63.0
2017.640,6.0,63.0
2017.643,3.5,69.0
2017.645,5.0,54.0
2017.648,3.6,53.0
2017.651,3.2,48.0
2017.654,2.8,38.0
2017.656,1.2,23.0
2017.659,2.6,40.0
2017.662,3.8,51.0
2017.665,5.4,73.0
2017.667,4.2,59.0
2017.670,3.4,56.0
2017.673,7.0,105.0
2017.676,6.8,112.0
2017.678,11.8,119.0
2017.681,9.1,100.0
2017.684,8.5,97.0
2017.687,6.5,88.0
2017.689,4.2,62.0
2017.692,3.3,40.0
2017.695,2.5,29.0
2017.698,0.6,11.0
2017.700,1.3,23.0
2017.703,0.5,12.0
2017.706,0.4,12.0
2017.708,0.9,13.0
2017.711,0.6,14.0
2017.714,0.6,13.0
2017.717,0.4,11.0
2017.719,1.0,21.0
2017.722,1.1,22.0
2017.725,0.7,21.0
2017.728,0.6,12.0
2017.730,1.0,23.0
2017.733,1.7,36.0
2017.736,1.9,39.0
2017.739,1.6,37.0
2017.741,2.3,42.0
2017.744,2.4,42.0
2017.747,2.7,40.0
2017.749,1.6,35.0
2017.752,2.3,25.0
2017.755,1.2,24.0
2017.758,1.1,27.0
2017.760,1.0,26.0
2017.763,1.2,23.0
2017.766,0.4,11.0
2017.769,2.1,11.0
2017.771,0.0,0.0
2017.774,0.0,0.0
2017.777,0.0,0.0
2017.780,0.0,0.0
2017.782,0.0,0.0
2017.785,3.8,11.0
2017.788,0.0,0.0
2017.790,0.0,0.0
2017.793,0.0,0.0
2017.796,0.0,0.0
2017.799,0.0,0.0
2017.801,0.0,0.0
2017.804,0.4,11.0
2017.807,0.6,11.0
2017.810,0.9,23.0
2017.812,0.7,23.0
2017.815,0.9,23.0
2017.818,0.5,23.0
2017.821,0.7,23.0
2017.823,1.7,24.0
2017.826,1.1,23.0
2017.829,1.5,21.0
2017.832,2.9,11.0
2017.834,0.0,0.0
2017.837,0.0,0.0
2017.840,0.0,0.0
2017.843,0.0,0.0
2017.845,0.0,0.0
2017.848,0.0,0.0
2017.851,0.0,0.0
2017.854,0.0,0.0
2017.856,0.0,0.0
2017.859,0.0,0.0
2017.862,0.0,0.0
2017.865,0.0,0.0
2017.867,0.0,0.0
2017.870,0.8,13.0
2017.873,0.9,15.0
2017.875,0.9,16.0
2017.878,1.3,25.0
2017.881,1.1,15.0
2017.884,0.0,0.0
2017.886,0.0,0.0
2017.889,0.0,0.0
2017.892,0.0,0.0
2017.895,0.0,0.0
2017.897,0.0,0.0
2017.900,0.9,15.0
2017.903,1.0,17.0
2017.906,1.1,16.0
2017.908,1.2,15.0
2017.911,1.0,13.0
2017.914,0.9,11.0
2017.916,0.0,0.0
2017.919,0.0,0.0
2017.922,0.0,0.0
2017.925,0.0,0.0
2017.927,0.0,0.0
2017.930,0.8,13.0
2017.933,1.0,11.0
2017.936,0.0,0.0
2017.938,0.0,0.0
2017.941,1.9,11.0
2017.944,3.0,13.0
2017.947,1.7,13.0
2017.949,0.0,0.0
2017.952,0.0,0.0
2017.955,0.0,0.0
2017.957,0.0,0.0
2017.960,0.0,0.0
2017.963,0.0,0.0
2017.966,3.1,11.0
2017.968,4.4,16.0
2017.971,1.6,19.0
2017.974,1.8,25.0
2017.977,2.2,26.0
2017.979,1.4,29.0
2017.982,2.1,24.0
2017.985,1.4,16.0
2017.988,2.1,13.0
2017.990,0.0,0.0
2017.993,0.0,0.0
2017.996,0.0,0.0
2017.999,1.2,13.0
2018.001,0.0,0.0
2018.004,0.0,0.0
2018.007,0.0,0.0
2018.010,0.6,13.0
2018.012,0.9,11.0
2018.015,1.3,11.0
2018.018,1.4,12.0
2018.021,1.2,13.0
2018.023,5.2,16.0
2018.026,6.3,20.0
2018.029,2.5,12.0
2018.032,0.0,0.0
2018.034,0.0,0.0
2018.037,1.6,12.0
2018.040,1.5,13.0
2018.042,1.1,15.0
2018.045,0.9,16.0
2018.048,0.5,12.0
2018.051,1.3,12.0
2018.053,0.0,0.0
2018.056,0.0,0.0
2018.059,0.0,0.0
2018.062,0.0,0.0
2018.064,0.0,0.0
2018.067,0.0,0.0
2018.070,0.0,0.0
2018.073,0.0,0.0
2018.075,0.0,0.0
2018.078,0.0,0.0
2018.081,1.8,11.0
2018.084,1.6,12.0
2018.086,0.0,0.0
2018.089,0.0,0.0
2018.092,0.0,0.0
2018.095,1.6,11.0
2018.097,0.6,13.0
2018.100,0.9,16.0
2018.103,1.4,20.0
2018.106,1.0,22.0
2018.108,1.7,25.0
2018.111,2.2,25.0
2018.114,1.6,28.0
2018.117,1.8,25.0
2018.119,1.4,23.0
2018.122,1.6,20.0
2018.125,1.4,16.0
2018.127,0.9,12.0
2018.130,0.0,0.0
2018.133,0.0,0.0
2018.136,0.0,0.0
2018.138,0.0,0.0
2018.141,0.0,0.0
2018.144,0.0,0.0
2018.147,0.0,0.0
2018.149,0.0,0.0
2018.152,0.0,0.0
2018.155,2.1,16.0
2018.158,1.3,15.0
2018.160,1.1,12.0
2018.163,1.5,12.0
2018.166,1.3,11.0
2018.169,0.0,0.0
2018.172,0.0,0.0
2018.174,0.0,0.0
2018.177,0.0,0.0
2018.180,0.0,0.0
2018.183,0.0,0.0
2018.185,0.0,0.0
2018.188,0.0,0.0
2018.191,0.0,0.0
2018.194,0.0,0.0
2018.196,0.0,0.0
2018.199,0.0,0.0
2018.202,0.0,0.0
2018.204,0.0,0.0
2018.207,1.1,14.0
2018.210,1.4,14.0
2018.213,0.0,0.0
2018.215,0.0,0.0
2018.218,0.0,0.0
2018.221,0.0,0.0
2018.224,0.0,0.0
2018.226,0.0,0.0
2018.229,0.0,0.0
2018.232,0.0,0.0
2018.235,0.0,0.0
2018.237,0.0,0.0
2018.240,0.0,0.0
2018.243,1.1,12.0
2018.246,1.0,13.0
2018.248,0.7,11.0
2018.251,0.0,0.0
2018.254,0.0,0.0
2018.257,0.0,0.0
2018.259,0.0,0.0
2018.262,0.0,0.0
2018.265,0.0,0.0
2018.268,0.0,0.0
2018.270,0.0,0.0
2018.273,1.3,12.0
2018.276,0.0,0.0
2018.279,2.9,13.0
2018.281,1.1,16.0
2018.284,0.8,11.0
2018.287,4.5,13.0
2018.289,0.9,12.0
2018.292,0.9,11.0
2018.295,0.0,0.0
2018.298,2.0,13.0
2018.300,1.4,16.0
2018.303,1.8,27.0
2018.306,2.0,22.0
2018.309,1.5,23.0
2018.311,2.0,21.0
2018.314,1.6,18.0
2018.317,1.1,15.0
2018.320,3.0,14.0
2018.322,0.0,0.0
2018.325,0.0,0.0
2018.328,0.0,0.0
2018.330,0.0,0.0
2018.333,0.0,0.0
2018.336,0.0,0.0
2018.339,3.0,13.0
2018.341,1.2,14.0
2018.344,1.2,15.0
2018.347,1.1,14.0
2018.350,5.9,20.0
2018.352,1.0,23.0
2018.355,0.7,11.0
2018.358,0.6,11.0
2018.361,0.8,13.0
2018.363,0.9,12.0
2018.366,0.0,0.0
2018.369,0.0,0.0
2018.371,0.0,0.0
2018.374,0.0,0.0
2018.377,0.0,0.0
2018.380,0.0,0.0
2018.382,0.0,0.0
2018.385,0.9,12.0
2018.388,0.8,13.0
2018.391,1.6,27.0
2018.393,2.8,33.0
2018.396,2.9,30.0
2018.399,2.0,27.0
2018.402,2.9,33.0
2018.404,1.9,20.0
2018.407,1.4,23.0
2018.410,1.4,21.0
2018.413,1.6,22.0
2018.415,1.4,22.0
2018.418,2.0,21.0
2018.421,1.3,13.0
2018.424,0.0,0.0
2018.426,0.0,0.0
2018.429,1.1,11.0
2018.432,0.6,10.0
2018.435,0.0,0.0
2018.437,0.0,0.0
2018.440,0.0,0.0
2018.443,0.0,0.0
2018.446,0.9,11.0
2018.448,1.0,15.0
2018.451,1.3,15.0
2018.454,1.2,14.0
2018.456,1.6,14.0
2018.459,3.0,14.0
2018.462,1.9,29.0
2018.465,2.0,33.0
2018.467,3.0,56.0
2018.470,3.2,48.0
2018.473,3.1,41.0
2018.476,2.1,37.0
2018.478,1.2,19.0
2018.481,1.2,16.0
2018.484,0.7,14.0
2018.487,4.8,14.0
2018.489,0.0,0.0
2018.492,0.0,0.0
2018.495,0.0,0.0
2018.497,0.0,0.0
2018.500,0.0,0.0
2018.503,0.0,0.0
2018.506,0.0,0.0
2018.508,0.0,0.0
2018.511,0.0,0.0
2018.514,0.0,0.0
2018.517,0.0,0.0
2018.519,0.0,0.0
2018.522,0.0,0.0
2018.525,0.0,0.0
2018.528,0.0,0.0
2018.530,4.1,13.0
2018.533,4.1,12.0
2018.536,1.7,12.0
2018.538,0.0,0.0
2018.541,0.0,0.0
2018.544,0.0,0.0
2018.547,0.0,0.0
2018.549,0.0,0.0
2018.552,1.3,12.0
2018.555,0.0,0.0
2018.558,0.0,0.0
2018.560,0.0,0.0
2018.563,0.0,0.0
2018.566,0.0,0.0
2018.569,0.0,0.0
2018.571,0.0,0.0
2018.574,0.0,0.0
2018.577,0.0,0.0
2018.580,0.0,0.0
2018.582,0.8,12.0
2018.585,0.6,11.0
2018.588,0.0,0.0
2018.591,0.0,0.0
2018.593,0.0,0.0
2018.596,0.0,0.0
2018.599,0.0,0.0
2018.602,0.0,0.0
2018.604,0.0,0.0
2018.607,0.0,0.0
2018.610,0.0,0.0
2018.613,0.0,0.0
2018.615,0.0,0.0
2018.618,1.0,12.0
2018.621,0.9,13.0
2018.623,0.6,13.0
2018.626,0.5,12.0
2018.629,0.8,11.0
2018.632,0.9,14.0
2018.634,1.5,16.0
2018.637,1.5,16.0
2018.640,3.3,12.0
2018.643,1.2,15.0
2018.645,2.1,29.0
2018.648,2.3,32.0
2018.651,1.7,28.0
2018.654,1.0,13.0
2018.656,0.8,11.0
2018.659,0.0,0.0
2018.662,0.0,0.0
2018.665,0.0,0.0
2018.667,0.0,0.0
2018.670,0.0,0.0
2018.673,0.0,0.0
2018.676,0.0,0.0
2018.678,0.0,0.0
2018.681,0.0,0.0
2018.684,0.0,0.0
2018.687,2.2,16.0
2018.689,1.3,14.0
2018.692,0.9,12.0
2018.695,1.2,16.0
2018.698,1.1,14.0
2018.700,0.0,0.0
2018.703,0.0,0.0
2018.706,0.0,0.0
2018.708,0.0,0.0
2018.711,1.9,13.0
2018.714,0.0,0.0
2018.717,0.0,0.0
2018.719,0.0,0.0
2018.722,0.0,0.0
2018.725,0.0,0.0
2018.728,0.0,0.0
2018.730,0.0,0.0
2018.733,0.0,0.0
2018.736,0.0,0.0
2018.739,0.0,0.0
2018.741,0.0,0.0
2018.744,0.0,0.0
2018.747,0.8,15.0
2018.749,1.2,17.0
2018.752,0.8,14.0
2018.755,0.7,12.0
2018.758,0.7,11.0
2018.760,0.0,0.0
2018.763,0.0,0.0
2018.766,0.0,0.0
2018.769,0.0,0.0
2018.771,0.0,0.0
2018.774,0.0,0.0
2018.777,0.4,5.0
2018.780,0.8,13.0
2018.782,2.4,26.0
2018.785,1.6,23.0
2018.788,6.3,17.0
2018.790,0.0,0.0
2018.793,2.0,11.0
2018.796,0.0,0.0
2018.799,0.0,0.0
2018.801,0.0,0.0
2018.804,1.4,4.0
2018.807,0.0,0.0
2018.810,0.0,0.0
2018.812,0.0,0.0
2018.815,0.0,0.0
2018.818,0.0,0.0
2018.821,0.0,0.0
2018.823,0.0,0.0
2018.826,0.0,0.0
2018.829,0.0,0.0
2018.832,0.0,0.0
2018.834,0.0,0.0
2018.837,0.0,0.0
2018.840,0.0,0.0
2018.843,0.0,0.0
2018.845,0.0,0.0
2018.848,0.0,0.0
2018.851,0.0,0.0
2018.854,0.5,5.0
2018.856,1.5,11.0
2018.859,0.2,3.0
2018.862,0.0,0.0
2018.865,1.3,15.0
2018.867,0.4,11.0
2018.870,0.5,11.0
2018.873,1.2,13.0
2018.875,0.9,15.0
2018.878,1.1,15.0
2018.881,1.3,14.0
2018.884,1.6,12.0
2018.886,0.0,0.0
2018.889,0.0,0.0
2018.892,0.0,0.0
2018.895,0.0,0.0
2018.897,1.4,9.0
2018.900,1.3,11.0
2018.903,0.3,3.0
2018.906,0.0,0.0
2018.908,0.0,0.0
2018.911,0.0,0.0
2018.914,0.0,0.0
2018.916,0.0,0.0
2018.919,0.0,0.0
2018.922,0.0,0.0
2018.925,0.0,0.0
2018.927,1.6,17.0
2018.930,1.1,21.0
2018.933,1.7,18.0
2018.936,1.3,5.0
2018.938,0.0,0.0
2018.941,0.0,0.0
2018.944,1.1,13.0
2018.947,0.0,0.0
2018.949,0.0,0.0
2018.952,1.3,11.0
2018.955,1.9,12.0
2018.957,0.0,0.0
2018.960,0.0,0.0
2018.963,0.0,0.0
2018.966,0.0,0.0
2018.968,0.0,0.0
2018.971,0.0,0.0
2018.974,0.0,0.0
2018.977,0.0,0.0
2018.979,0.0,0.0
2018.982,0.0,0.0
2018.985,0.0,0.0
2018.988,0.0,0.0
2018.990,0.0,0.0
2018.993,0.0,0.0
2018.996,0.0,0.0
2018.999,0.0,0.0
2019.001,1.0,12.0
2019.004,1.5,15.0
2019.007,1.2,15.0
2019.010,0.8,13.0
2019.012,1.4,11.0
2019.015,0.0,0.0
2019.018,0.0,0.0
2019.021,0.0,0.0
2019.023,0.0,0.0
2019.026,0.0,0.0
2019.029,0.0,0.0
2019.032,0.0,0.0
2019.034,0.0,0.0
2019.037,0.0,0.0
2019.040,0.0,0.0
2019.042,0.0,0.0
2019.045,0.0,0.0
2019.048,0.0,0.0
2019.051,0.0,0.0
2019.053,0.0,0.0
2019.056,0.8,10.0
2019.059,1.3,16.0
2019.062,1.5,19.0
2019.064,1.1,21.0
2019.067,1.6,22.0
2019.070,1.1,26.0
2019.073,1.6,19.0
2019.075,1.1,16.0
2019.078,1.0,13.0
2019.081,1.3,11.0
2019.084,0.0,0.0
2019.086,0.0,0.0
2019.089,0.0,0.0
2019.092,0.0,0.0
2019.095,0.0,0.0
2019.097,0.0,0.0
2019.100,0.0,0.0
2019.103,0.0,0.0
2019.106,0.0,0.0
2019.108,0.0,0.0
2019.111,0.0,0.0
2019.114,0.0,0.0
2019.117,0.0,0.0
2019.119,0.7,12.0
2019.122,0.0,0.0
2019.125,0.0,0.0
2019.127,0.0,0.0
2019.130,0.0,0.0
2019.133,0.0,0.0
2019.136,0.0,0.0
2019.138,0.0,0.0
2019.141,0.8,11.0
2019.144,0.0,0.0
2019.147,0.0,0.0
2019.149,0.0,0.0
2019.152,0.0,0.0
2019.155,0.0,0.0
2019.158,0.0,0.0
2019.160,0.0,0.0
2019.163,0.0,0.0
2019.166,0.0,0.0
2019.169,0.0,0.0
2019.172,0.0,0.0
2019.174,2.8,14.0
2019.177,1.7,18.0
2019.180,1.1,16.0
2019.183,0.4,11.0
2019.185,0.4,11.0
2019.188,0.4,11.0
2019.191,0.4,11.0
2019.194,0.4,11.0
2019.196,0.0,0.0
2019.199,1.2,12.0
2019.202,0.0,0.0
2019.204,0.0,0.0
2019.207,0.0,0.0
2019.210,0.8,13.0
2019.213,1.2,15.0
2019.215,2.5,32.0
2019.218,3.2,38.0
2019.221,1.5,30.0
2019.224,1.3,22.0
2019.226,0.9,14.0
2019.229,0.0,0.0
2019.232,0.0,0.0
2019.235,0.0,0.0
2019.237,0.0,0.0
2019.240,0.0,0.0
2019.243,0.0,0.0
2019.246,1.4,13.0
2019.248,0.8,14.0
2019.251,1.6,17.0
2019.254,1.6,19.0
2019.257,1.6,11.0
2019.259,0.7,5.0
2019.262,0.0,0.0
2019.265,0.6,11.0
2019.268,0.5,12.0
2019.270,0.4,12.0
2019.273,0.5,13.0
2019.276,0.8,12.0
2019.279,0.8,13.0
2019.281,1.5,16.0
2019.284,1.0,14.0
2019.287,0.3,12.0
2019.289,0.4,11.0
2019.292,0.6,16.0
2019.295,0.9,24.0
2019.298,0.7,24.0
2019.300,0.6,11.0
2019.303,0.4,5.0
2019.306,0.0,0.0
2019.309,0.0,0.0
2019.311,0.0,0.0
2019.314,0.0,0.0
2019.317,0.0,0.0
2019.320,0.0,0.0
2019.322,0.0,0.0
2019.325,0.0,0.0
2019.328,0.0,0.0
2019.330,0.0,0.0
2019.333,0.0,0.0
2019.336,0.0,0.0
2019.339,0.8,12.0
2019.341,0.4,12.0
2019.344,0.9,16.0
2019.347,1.1,26.0
2019.350,1.7,25.0
2019.352,1.1,26.0
2019.355,1.5,26.0
2019.358,1.2,27.0
2019.361,1.3,26.0
2019.363,1.2,24.0
2019.366,0.8,24.0
2019.369,0.7,18.0
2019.371,0.5,13.0
2019.374,0.6,13.0
2019.377,0.9,12.0
2019.380,0.0,0.0
2019.382,0.0,0.0
2019.385,0.0,0.0
2019.388,0.0,0.0
2019.391,0.0,0.0
2019.393,0.0,0.0
2019.396,0.0,0.0
2019.399,0.0,0.0
2019.402,0.0,0.0
2019.404,0.0,0.0
2019.407,0.4,7.0
2019.410,0.0,0.0
2019.413,0.0,0.0
2019.415,0.0,0.0
2019.418,0.0,0.0
2019.421,0.0,0.0
2019.424,0.0,0.0
2019.426,0.0,0.0
2019.429,0.0,0.0
2019.432,0.0,0.0
2019.435,0.0,0.0
2019.437,0.0,0.0
2019.440,0.0,0.0
2019.443,0.0,0.0
2019.446,0.0,0.0
2019.448,0.0,0.0
2019.451,0.0,0.0
2019.454,0.0,0.0
2019.456,0.0,0.0
2019.459,0.0,0.0
2019.462,0.0,0.0
2019.465,0.0,0.0
2019.467,0.0,0.0
2019.470,0.0,0.0
2019.473,0.0,0.0
2019.476,0.0,0.0
2019.478,3.9,11.0
2019.481,0.0,12.0
2019.484,0.6,7.0
2019.487,0.0,0.0
2019.489,0.0,0.0
2019.492,1.0,5.0
2019.495,0.0,0.0
2019.497,0.5,5.0
2019.500,0.0,0.0
2019.503,0.0,0.0
2019.506,0.0,0.0
2019.508,0.0,0.0
2019.511,0.0,0.0
2019.514,0.7,9.0
2019.517,0.5,5.0
2019.519,0.0,0.0
2019.522,0.0,0.0
2019.525,0.0,0.0
2019.528,0.0,0.0
2019.530,0.0,0.0
2019.533,0.0,0.0
2019.536,0.0,0.0
2019.538,0.0,0.0
2019.541,0.0,0.0
2019.544,0.0,0.0
2019.547,0.0,0.0
2019.549,0.0,0.0
2019.552,0.0,0.0
2019.555,0.8,8.0
2019.558,0.0,0.0
2019.560,0.0,0.0
2019.563,0.0,0.0
2019.566,0.0,0.0
2019.569,0.0,0.0
2019.571,0.0,0.0
2019.574,0.0,0.0
2019.577,0.0,0.0
2019.580,0.0,0.0
2019.582,0.0,0.0
2019.585,0.0,0.0
2019.588,0.0,0.0
2019.591,0.0,0.0
2019.593,0.7,8.0
2019.596,0.0,0.0
2019.599,0.7,7.0
2019.602,0.0,0.0
2019.604,0.0,0.0
2019.607,0.0,0.0
2019.610,0.0,0.0
2019.613,0.0,0.0
2019.615,0.0,0.0
2019.618,0.0,0.0
2019.621,0.0,0.0
2019.623,0.0,0.0
2019.626,0.0,0.0
2019.629,0.0,0.0
2019.632,0.0,0.0
2019.634,0.0,0.0
2019.637,0.0,0.0
2019.640,0.0,0.0
2019.643,0.0,0.0
2019.645,0.0,0.0
2019.648,0.0,0.0
2019.651,0.0,0.0
2019.654,0.0,0.0
2019.656,0.0,0.0
2019.659,0.0,0.0
2019.662,0.0,0.0
2019.665,0.0,0.0
2019.667,1.6,14.0
2019.670,0.0,14.0
2019.673,0.4,5.0
2019.676,0.0,0.0
2019.678,0.0,0.0
2019.681,0.0,0.0
2019.684,0.0,0.0
2019.687,0.0,0.0
2019.689,0.0,0.0
2019.692,0.0,0.0
2019.695,0.0,0.0
2019.698,0.0,0.0
2019.700,0.0,0.0
2019.703,0.0,0.0
2019.706,0.0,0.0
2019.708,0.0,0.0
2019.711,0.0,0.0
2019.714,0.0,0.0
2019.717,0.0,0.0
2019.719,0.0,0.0
2019.722,0.0,0.0
2019.725,0.0,0.0
2019.728,0.0,0.0
2019.730,0.0,0.0
2019.733,0.0,0.0
2019.736,0.0,0.0
2019.739,0.0,0.0
2019.741,0.0,0.0
2019.744,0.0,0.0
2019.747,0.0,0.0
2019.749,0.5,6.0
2019.752,0.6,6.0
2019.755,0.0,0.0
2019.758,0.0,0.0
2019.760,0.0,0.0
2019.763,0.0,0.0
2019.766,0.0,0.0
2019.769,0.0,0.0
2019.771,0.0,0.0
2019.774,0.0,0.0
2019.777,0.0,0.0
2019.780,0.0,0.0
2019.782,0.0,0.0
2019.785,0.0,0.0
2019.788,0.0,0.0
2019.790,0.0,0.0
2019.793,0.0,0.0
2019.796,0.0,0.0
2019.799,0.0,0.0
2019.801,0.0,0.0
2019.804,0.0,0.0
2019.807,0.0,0.0
2019.810,0.0,0.0
2019.812,0.0,0.0
2019.815,0.0,0.0
2019.818,0.0,0.0
2019.821,0.0,0.0
2019.823,0.0,0.0
2019.826,0.0,0.0
2019.829,0.0,0.0
2019.832,0.0,0.0
2019.834,1.1,7.0
2019.837,0.0,0.0
2019.840,0.0,0.0
2019.843,0.3,4.0
2019.845,0.0,0.0
2019.848,0.0,0.0
2019.851,0.0,0.0
2019.854,0.0,0.0
2019.856,0.0,0.0
2019.859,0.0,0.0
2019.862,0.0,0.0
2019.865,0.0,0.0
2019.867,0.2,3.0
2019.870,0.0,0.0
2019.873,0.0,0.0
2019.875,0.0,0.0
2019.878,0.0,0.0
2019.881,0.0,0.0
2019.884,0.0,0.0
2019.886,0.0,0.0
2019.889,0.0,0.0
2019.892,0.0,0.0
2019.895,0.0,0.0
2019.897,0.0,0.0
2019.900,0.0,0.0
2019.903,0.0,0.0
2019.906,0.0,0.0
2019.908,0.0,0.0
2019.911,0.0,0.0
2019.914,0.0,0.0
2019.916,0.0,0.0
2019.919,0.0,0.0
2019.922,0.0,0.0
2019.925,0.0,0.0
2019.927,0.0,0.0
2019.930,0.0,0.0
2019.933,0.0,0.0
2019.936,0.0,0.0
2019.938,0.0,0.0
2019.941,0.0,0.0
2019.944,0.0,0.0
2019.947,0.0,0.0
2019.949,0.0,0.0
2019.952,0.0,0.0
2019.955,0.0,0.0
2019.957,0.0,0.0
2019.960,0.0,0.0
2019.963,0.0,0.0
2019.966,0.0,0.0
2019.968,0.0,0.0
2019.971,0.0,0.0
2019.974,0.0,0.0
2019.977,0.0,0.0
2019.979,0.9,16.0
2019.982,0.0,23.0
2019.985,3.1,8.0
2019.988,0.0,0.0
2019.990,0.0,0.0
2019.993,0.0,0.0
2019.996,0.0,0.0
2019.999,0.0,0.0
2020.001,0.3,6.0
2020.004,0.7,12.0
2020.007,1.2,13.0
2020.010,0.7,12.0
2020.012,1.3,14.0
2020.015,0.5,7.0
2020.018,1.5,4.0
2020.021,0.8,4.0
2020.023,1.3,15.0
2020.026,1.6,4.0
2020.029,0.0,0.0
2020.032,0.0,0.0
2020.034,0.0,0.0
2020.037,0.0,0.0
2020.040,0.0,0.0
2020.042,0.0,0.0
2020.045,0.0,0.0
2020.048,0.0,0.0
2020.051,0.0,0.0
2020.053,0.0,0.0
2020.056,0.0,0.0
2020.059,0.0,0.0
2020.062,0.0,0.0
2020.064,0.5,8.0
2020.067,0.7,12.0
2020.070,1.5,19.0
2020.073,0.9,14.0
2020.075,0.8,12.0
2020.078,0.9,12.0
2020.081,0.6,12.0
2020.084,0.7,12.0
2020.086,0.4,6.0
2020.089,0.0,0.0
2020.092,0.0,0.0
2020.095,0.0,0.0
2020.097,0.0,0.0
2020.100,0.0,0.0
2020.103,0.0,0.0
2020.106,0.0,0.0
2020.108,0.0,0.0
2020.111,0.0,0.0
2020.114,0.0,0.0
2020.117,0.0,0.0
2020.119,0.0,0.0
2020.122,0.0,0.0
2020.125,0.0,0.0
2020.127,0.0,0.0
2020.130,0.0,0.0
2020.133,0.0,0.0
2020.136,0.0,0.0
2020.138,0.0,0.0
2020.141,0.0,0.0
2020.144,0.0,0.0
2020.147,0.0,0.0
2020.149,0.0,0.0
2020.152,0.0,0.0
2020.155,0.0,0.0
2020.158,0.0,0.0
2020.160,0.0,0.0
2020.163,0.0,0.0
2020.165,0.0,0.0
2020.168,0.0,0.0
2020.171,0.0,0.0
2020.174,0.0,0.0
2020.176,0.0,0.0
2020.179,0.0,0.0
2020.182,0.0,2.0
2020.185,1.2,16.0
2020.187,0.0,11.0
2020.190,0.0,0.0
2020.193,0.0,0.0
2020.196,0.0,0.0
2020.198,0.0,0.0
2020.201,0.0,0.0
2020.204,0.0,0.0
2020.206,0.0,0.0
2020.209,0.0,0.0
2020.212,0.3,3.0
2020.215,0.0,0.0
2020.217,0.0,0.0
2020.220,0.0,0.0
2020.223,0.0,0.0
2020.226,0.0,0.0
2020.228,0.0,0.0
2020.231,0.0,0.0
2020.234,0.0,0.0
2020.237,0.0,0.0
2020.239,0.0,0.0
2020.242,0.0,0.0
2020.245,0.1,3.0
2020.248,0.7,11.0
2020.250,0.9,13.0
2020.253,0.8,13.0
2020.256,0.8,13.0
2020.259,1.1,13.0
2020.261,0.0,0.0
2020.264,0.0,0.0
2020.267,0.0,0.0
2020.270,0.0,0.0
2020.272,0.0,0.0
2020.275,0.0,0.0
2020.278,0.0,0.0
2020.281,0.0,0.0
2020.283,0.0,0.0
2020.286,0.0,0.0
2020.289,0.0,0.0
2020.291,0.0,0.0
2020.294,0.0,0.0
2020.297,0.0,0.0
2020.300,0.0,0.0
2020.302,0.0,0.0
2020.305,0.0,0.0
2020.308,0.0,0.0
2020.311,0.0,0.0
2020.313,0.0,0.0
2020.316,0.4,6.0
2020.319,0.9,13.0
2020.322,1.8,26.0
2020.324,2.8,15.0
2020.327,0.9,24.0
2020.330,1.7,20.0
2020.332,0.9,4.0
2020.335,0.0,0.0
2020.338,0.0,0.0
2020.341,0.0,0.0
2020.343,0.0,0.0
2020.346,0.0,0.0
2020.349,0.0,0.0
2020.352,0.0,0.0
2020.354,0.0,0.0
2020.357,0.0,0.0
2020.360,0.0,0.0
2020.363,0.0,0.0
2020.365,0.0,0.0
2020.368,0.0,0.0
2020.371,0.0,0.0
2020.373,0.0,0.0
2020.376,0.0,0.0
2020.379,0.0,0.0
2020.382,0.0,0.0
2020.384,0.0,0.0
2020.387,0.0,0.0
2020.390,0.0,0.0
2020.393,0.0,0.0
2020.395,0.0,0.0
2020.398,0.0,0.0
2020.401,0.0,0.0
2020.404,0.0,0.0
2020.406,0.0,0.0
2020.409,0.0,0.0
2020.412,0.0,0.0
2020.415,0.0,2.0
2020.416,0.4,6.0
2020.419,0.0,0.0
2020.422,0.7,9.0
2020.425,0.8,11.0
2020.427,0.7,13.0
2020.430,1.0,16.0
2020.433,1.5,16.0
2020.436,1.5,16.0
2020.438,1.1,14.0
2020.441,1.1,12.0
2020.444,0.8,11.0
2020.447,0.9,11.0
2020.449,0.5,11.0
2020.452,0.4,11.0
2020.455,0.6,8.0
2020.457,0.0,0.0
2020.460,0.0,0.0
2020.463,0.0,0.0
2020.466,0.0,0.0
2020.468,0.0,0.0
2020.471,0.0,0.0
2020.474,0.0,0.0
2020.477,0.0,0.0
2020.479,0.0,0.0
2020.482,0.0,0.0
2020.485,0.4,6.0
2020.488,0.8,4.0
2020.490,0.0,0.0
2020.493,0.0,0.0
2020.496,0.0,0.0
2020.498,5.6,4.0
2020.501,4.6,2.0
2020.504,2.3,0.0
2020.507,6.0,7.0
2020.509,5.5,5.0
2020.512,5.5,5.0
2020.515,10.4,8.0
2020.518,0.0,0.0
2020.520,0.0,0.0
2020.523,0.0,0.0
2020.526,1.6,0.0
2020.529,0.0,0.0
2020.531,0.0,0.0
2020.534,0.0,0.0
2020.537,4.6,2.0
2020.539,4.0,0.0
2020.542,2.6,0.0
2020.545,1.5,0.0
2020.548,1.5,0.0
2020.550,1.4,0.0
2020.553,5.5,6.0
2020.556,2.1,11.0
2020.559,2.0,11.0
2020.561,2.2,11.0
2020.564,1.7,11.0
2020.567,1.8,11.0
2020.570,1.5,11.0
2020.572,5.1,20.0
2020.575,4.0,21.0
2020.578,3.9,21.0
2020.581,4.6,21.0
2020.583,10.5,26.0
2020.586,9.2,15.0
2020.589,11.6,11.0
2020.592,2.9,11.0
2020.594,1.9,12.0
2020.597,1.2,14.0
2020.600,5.2,17.0
2020.603,0.9,12.0
2020.605,1.3,13.0
2020.608,1.0,13.0
2020.611,2.4,12.0
2020.614,7.3,17.0
2020.616,7.1,10.0
2020.619,6.0,5.0
2020.622,3.0,0.0
2020.624,2.2,0.0
2020.627,1.7,0.0
2020.630,4.8,13.0
2020.633,3.3,16.0
2020.635,3.8,12.0
2020.638,4.9,3.0
2020.641,0.0,0.0
2020.644,0.0,0.0
2020.646,0.0,0.0
2020.649,0.0,0.0
2020.652,0.0,0.0
2020.655,0.0,0.0
2020.657,0.0,0.0
2020.660,0.0,0.0
2020.663,0.0,0.0
2020.666,0.0,0.0
2020.668,0.0,0.0
2020.671,0.0,0.0
2020.674,0.0,0.0
2020.677,1.5,0.0
2020.679,0.0,0.0
2020.682,0.0,0.0
2020.685,0.0,0.0
2020.688,0.0,0.0
2020.690,0.0,0.0
2020.693,0.0,0.0
2020.696,0.0,0.0
2020.699,0.0,0.0
2020.701,1.8,0.0
2020.704,4.1,2.0
2020.707,0.0,0.0
2020.709,0.0,0.0
2020.712,0.0,0.0
2020.715,1.5,0.0
2020.718,0.0,0.0
2020.720,0.0,0.0
2020.723,0.0,0.0
2020.726,2.7,0.0
2020.729,4.8,7.0
2020.731,7.6,5.0
2020.734,5.2,4.0
2020.737,0.0,0.0
2020.740,1.7,0.0
2020.742,0.0,0.0
2020.745,0.0,0.0
2020.748,0.0,0.0
2020.750,0.0,0.0
2020.753,0.0,0.0
2020.756,0.0,0.0
2020.759,2.7,0.0
2020.761,0.0,0.0
2020.764,0.0,0.0
2020.767,1.6,0.0
2020.770,7.4,6.0
2020.772,8.3,20.0
2020.775,6.7,18.0
2020.778,8.6,20.0
2020.781,8.4,14.0
2020.783,0.0,0.0
2020.786,5.3,4.0
2020.789,3.8,13.0
2020.791,2.6,13.0
2020.794,4.3,14.0
2020.797,9.5,21.0
2020.800,4.8,17.0
2020.802,3.2,14.0
2020.805,4.4,14.0
2020.808,2.3,12.0
2020.811,5.7,17.0
2020.813,4.7,18.0
2020.816,8.7,19.0
2020.819,7.2,22.0
2020.822,10.0,41.0
2020.824,26.0,35.0
2020.827,8.6,42.0
2020.830,6.8,34.0
2020.833,6.8,26.0
2020.834,8.7,5.0
2020.837,6.5,9.0
2020.840,4.0,16.0
2020.843,7.5,26.0
2020.845,8.3,31.0
2020.848,6.5,41.0
2020.851,8.2,38.0
2020.854,7.7,44.0
2020.856,3.4,29.0
2020.859,6.4,29.0
2020.862,6.6,29.0
2020.865,6.0,32.0
2020.867,4.3,26.0
2020.870,6.3,20.0
2020.873,8.0,5.0
2020.875,0.0,0.0
2020.878,4.9,10.0
2020.881,3.1,13.0
2020.884,4.3,13.0
2020.886,2.8,13.0
2020.889,6.0,26.0
2020.892,7.6,34.0
2020.895,9.6,48.0
2020.897,5.4,44.0
2020.900,9.2,53.0
2020.903,11.0,58.0
2020.906,15.3,75.0
2020.908,16.7,86.0
2020.911,14.0,96.0
2020.914,12.4,87.0
2020.916,14.0,56.0
2020.919,9.4,48.0
2020.922,4.5,45.0
2020.925,6.4,41.0
2020.927,9.0,37.0
2020.930,8.6,25.0
2020.933,5.8,21.0
2020.936,4.1,14.0
2020.938,3.9,14.0
2020.941,2.0,12.0
2020.944,1.5,12.0
2020.947,6.6,11.0
2020.949,4.2,11.0
2020.952,6.6,13.0
2020.955,8.2,20.0
2020.957,4.3,14.0
2020.960,1.1,13.0
2020.963,6.8,7.0
2020.966,0.0,0.0
2020.968,0.0,0.0
2020.971,1.1,12.0
2020.974,1.5,12.0
2020.977,6.5,24.0
2020.979,3.7,28.0
2020.982,5.9,31.0
2020.985,5.7,35.0
2020.988,5.3,33.0
2020.990,5.8,30.0
2020.993,4.9,32.0
2020.996,4.6,32.0
2020.999,6.3,34.0
2021.001,2.8,23.0
2021.004,6.5,17.0
2021.007,0.0,0.0
2021.010,0.0,0.0
2021.012,0.0,0.0
2021.015,0.0,0.0
2021.018,0.0,0.0
2021.021,0.0,0.0
2021.023,0.0,0.0
2021.026,0.0,0.0
2021.029,2.1,0.0
2021.032,0.0,0.0
2021.034,0.0,0.0
2021.037,5.4,3.0
2021.040,8.9,15.0
2021.042,4.3,13.0
2021.045,7.3,14.0
2021.048,3.8,13.0
2021.051,7.6,20.0
2021.053,5.5,20.0
2021.056,6.0,25.0
2021.059,8.6,35.0
2021.062,4.1,32.0
2021.064,4.0,23.0
2021.067,3.5,26.0
2021.070,5.4,17.0
2021.073,8.3,20.0
2021.075,8.5,6.0
2021.078,0.0,0.0
2021.081,0.0,0.0
2021.084,0.0,0.0
2021.086,3.2,0.0
2021.089,6.7,9.0
2021.092,6.8,7.0
2021.095,1.7,0.0
2021.097,0.0,0.0
2021.100,2.6,0.0
2021.103,0.0,0.0
2021.106,5.0,3.0
2021.108,4.4,2.0
2021.111,1.6,0.0
2021.114,0.0,0.0
2021.117,1.6,0.0
2021.119,5.1,0.0
2021.122,0.0,0.0
2021.125,0.0,0.0
2021.127,0.0,0.0
2021.130,2.6,0.0
2021.133,5.2,10.0
2021.136,6.2,9.0
2021.138,5.5,9.0
2021.141,4.4,10.0
2021.144,8.9,16.0
2021.147,3.5,35.0
2021.149,7.2,38.0
2021.152,5.3,34.0
2021.155,2.8,19.0
2021.158,1.6,17.0
2021.160,3.4,13.0
2021.163,3.9,10.0
2021.166,7.6,16.0
2021.169,6.0,36.0
2021.172,7.9,29.0
2021.174,8.0,13.0
2021.177,7.3,8.0
2021.180,7.6,21.0
2021.183,4.9,14.0
2021.185,9.5,16.0
2021.188,5.5,18.0
2021.191,4.3,22.0
2021.194,3.7,14.0
2021.196,2.8,12.0
2021.199,7.2,24.0
2021.202,15.4,24.0
2021.204,7.5,19.0
2021.207,3.4,13.0
2021.210,1.9,13.0
2021.213,3.6,13.0
2021.215,3.1,11.0
2021.218,6.2,8.0
2021.221,7.7,21.0
2021.224,2.5,27.0
2021.226,3.2,30.0
2021.229,3.1,26.0
2021.232,2.5,25.0
2021.235,6.1,19.0
2021.237,0.5,12.0
2021.240,2.9,12.0
2021.243,5.6,10.0
2021.246,1.8,0.0
2021.248,0.0,0.0
2021.251,0.0,0.0
2021.254,6.1,4.0
2021.257,3.8,13.0
2021.259,5.6,10.0
2021.262,7.4,6.0
2021.265,5.3,0.0
2021.268,1.7,0.0
2021.270,0.0,0.0
2021.273,2.1,0.0
2021.276,6.5,10.0
2021.279,5.9,14.0
2021.281,3.9,19.0
2021.284,2.7,21.0
2021.287,7.2,25.0
2021.289,14.5,35.0
2021.292,7.3,15.0
2021.295,3.4,19.0
2021.298,7.8,36.0
2021.300,6.9,57.0
2021.303,4.8,46.0
2021.306,8.2,44.0
2021.309,6.1,36.0
2021.311,10.8,54.0
2021.314,11.3,55.0
2021.317,8.0,50.0
2021.320,7.5,55.0
2021.322,8.1,46.0
2021.325,6.9,37.0
2021.328,7.2,29.0
2021.330,6.0,10.0
2021.333,0.0,0.0
2021.336,1.9,0.0
2021.339,0.0,0.0
2021.341,0.0,0.0
2021.344,0.0,0.0
2021.347,5.3,10.0
2021.350,2.8,16.0
2021.352,4.7,20.0
2021.355,4.7,33.0
2021.358,3.6,32.0
2021.361,4.2,33.0
2021.363,4.5,30.0
2021.366,3.6,26.0
2021.369,6.3,28.0
2021.371,4.9,13.0
2021.374,4.3,14.0
2021.377,5.9,28.0
2021.380,6.5,27.0
2021.382,4.9,20.0
2021.385,2.3,14.0
2021.388,6.6,19.0
2021.391,3.8,27.0
2021.393,10.6,31.0
2021.396,11.9,41.0
2021.399,7.0,41.0
2021.402,9.0,42.0
2021.404,5.0,30.0
2021.407,3.9,14.0
2021.410,5.8,28.0
2021.413,5.8,29.0
2021.415,4.1,20.0
2021.418,2.8,29.0
2021.421,2.6,29.0
2021.424,5.9,33.0
2021.426,3.3,38.0
2021.429,4.0,38.0
2021.432,6.0,50.0
2021.435,6.2,36.0
2021.437,3.6,27.0
2021.440,2.6,28.0
2021.443,5.2,20.0
2021.446,6.3,7.0
2021.448,4.6,16.0
2021.451,1.5,11.0
2021.454,1.2,11.0
2021.456,1.4,11.0
2021.459,1.5,12.0
2021.462,5.1,19.0
2021.465,1.7,15.0
2021.467,2.1,14.0
2021.470,2.2,13.0
2021.473,2.1,13.0
2021.476,1.6,11.0
2021.478,1.2,11.0
2021.481,1.5,23.0
2021.484,2.7,18.0
2021.487,4.2,34.0
